[AuthService] Opening SQLite DB: D:\Server\Services\Daftar Upah Portal\portal-daftar-upah-services\backend\data\users.db
[HarvesterService] Staging DB disabled by default as requested
[Telegram] No bot token configured - bot disabled
🦊 Elysia is running at 0.0.0.0:8002
Run Mode: prod
Auth Mode: external
Database: db_ptrj @ SERVER_PROFILE_2
[HistoryDatabaseService] Migrated: payroll_history_detail.new_nik
[HistoryDatabaseService] Migrated: history_hr_employee.new_nik
[EmployeeHrDataService] Tables ensured successfully
[HistoryDatabaseService] Migrated: history_gang_member.jabatan
[HistoryDatabaseService] Migrated: payroll_history_detail.jabatan
[HistoryDatabaseService] Migrated: payroll_history_detail.is_spsi_member
[HistoryDatabaseService] Migrated: history_hr_employee.jabatan
[HistoryDatabaseService] Migrated: history_hr_employee.is_spsi_member
[HistoryDatabaseService] Migrated: history_hr_employee.pajak_npwp
[HistoryDatabaseService] Migrated: history_hr_employee.res_address
[HistoryDatabaseService] Migrated: payroll_history_detail.beras_rate
[HistoryDatabaseService] Migrated: payroll_history_detail.jabatan_rate
[HistoryDatabaseService] Migrated: payroll_history_detail.masa_kerja_rate
[HistoryDatabaseService] Migrated: payroll_history_detail.lembur_jam
[HistoryDatabaseService] Migrated: payroll_history_detail.lembur_rate
[HistoryDatabaseService] Migrated: payroll_history_detail.lembur_records
[HistoryDatabaseService] Migrated: payroll_history_detail.total_tunjangan
[HistoryDatabaseService] Migrated: payroll_history_detail.premi_brondol_loosefruit
[HistoryDatabaseService] Migrated: payroll_history_detail.premi_brondol_adtrans
[HistoryDatabaseService] Migrated: payroll_history_detail.premi_brondol_total
[HistoryDatabaseService] Migrated: payroll_history_detail.premi_pph
[HistoryDatabaseService] Migrated: payroll_history_detail.premi_detail
[HistoryDatabaseService] Migrated: payroll_history_detail.pot_astek_pekerja
[HistoryDatabaseService] Migrated: payroll_history_detail.pot_astek_majikan
[HistoryDatabaseService] Migrated: payroll_history_detail.pot_astek_jumlah
[HistoryDatabaseService] Migrated: payroll_history_detail.potongan_detail
[HistoryDatabaseService] Migrated: payroll_history_detail.upah_kotor_pajak
[HistoryDatabaseService] Migrated: payroll_history_detail.penghasilan_bruto
[HistoryDatabaseService] Migrated: payroll_history_detail.task_code
[HistoryDatabaseService] Migrated: payroll_history_detail.task_desc
[HistoryDatabaseService] Migrated: payroll_history_detail.shortage_details
[HistoryDatabaseService] Migrated: payroll_history_detail.shortage_total_hours
[HistoryDatabaseService] Migrated: payroll_history_detail.snapshot_batch_id
[HistoryDatabaseService] Migrated: payroll_history_detail.snapshot_version
[HistoryDatabaseService] Migrated: payroll_history_header.snapshot_batch_id
[HistoryDatabaseService] Migrated: payroll_history_header.snapshot_version
[HistoryDatabaseService] Migrated: history_metadata.operation
[HistoryDatabaseService] Migrated: history_metadata.entity_type
[HistoryDatabaseService] Migrated: history_metadata.entity_id
[HistoryDatabaseService] Migrated: history_metadata.gang_code
[HistoryDatabaseService] Migrated: history_metadata.description
[HistoryDatabaseService] Migrated: history_metadata.old_values
[HistoryDatabaseService] Migrated: history_metadata.new_values
[HistoryDatabaseService] Migrated: history_metadata.record_count
[HistoryDatabaseService] Migrated: history_metadata.status
[HistoryDatabaseService] Migrated: history_metadata.error_message
[HistoryDatabaseService] Migrated: history_metadata.performed_by
[HistoryDatabaseService] Migrated: history_metadata.performed_at
[HistoryDatabaseService] Migrated: history_metadata.ip_address
[HistoryDatabaseService] Migrated: history_metadata.user_agent
[HistoryDatabaseService] Migrated: history_metadata.session_id
[HistoryDatabaseService] All migrations completed successfully
[AuthService] Verifying token. Token starts with: eyJhbGciOi...
[AuthService] External token verified.
[AuthService] Normalized divisions for user admin: ["PG1A","PG1B","PG2A","PG2B","DME","ARA","ARB1","ARB2","INFRA","AREC","IJL","STF-OFFICE","SECURITY"] -> ["PG1A","PG1B","PG2A","PG2B","DME","ARA","ARB1","ARB2","INF","ARC","IJL","STF-OFFICE","SECURITY"]
[PremiumDefinitionService] Loaded 24 premium definitions
[AuthService] Verifying token. Token starts with: eyJhbGciOi...
[AuthService] Verifying token. Token starts with: eyJhbGciOi...
[AuthService] Verifying token. Token starts with: eyJhbGciOi...
[AuthService] External token verified.
[AuthService] Normalized divisions for user admin: ["PG1A","PG1B","PG2A","PG2B","DME","ARA","ARB1","ARB2","INFRA","AREC","IJL","STF-OFFICE","SECURITY"] -> ["PG1A","PG1B","PG2A","PG2B","DME","ARA","ARB1","ARB2","INF","ARC","IJL","STF-OFFICE","SECURITY"]
[AuthService] External token verified.
[AuthService] Normalized divisions for user admin: ["PG1A","PG1B","PG2A","PG2B","DME","ARA","ARB1","ARB2","INFRA","AREC","IJL","STF-OFFICE","SECURITY"] -> ["PG1A","PG1B","PG2A","PG2B","DME","ARA","ARB1","ARB2","INF","ARC","IJL","STF-OFFICE","SECURITY"]
[AuthService] External token verified.
[AuthService] Normalized divisions for user admin: ["PG1A","PG1B","PG2A","PG2B","DME","ARA","ARB1","ARB2","INFRA","AREC","IJL","STF-OFFICE","SECURITY"] -> ["PG1A","PG1B","PG2A","PG2B","DME","ARA","ARB1","ARB2","INF","ARC","IJL","STF-OFFICE","SECURITY"]
[GangService] fetchGangs triggered - Div: DME, Search: undefined, Profile: SERVER_PROFILE_2, DB: db_ptrj
[DivisionConfigService] getGangsForDivision (Enhanced): DME, resolved: DME, type: real
[DivisionConfigService] Discovery complete for DME: Unique=12
[GangService] divisionConfigService returned 12 gangs for DME
[GangService] Returning 12 gangs.
[AuthService] Verifying token. Token starts with: eyJhbGciOi...
[AuthService] External token verified.
[AuthService] Normalized divisions for user admin: ["PG1A","PG1B","PG2A","PG2B","DME","ARA","ARB1","ARB2","INFRA","AREC","IJL","STF-OFFICE","SECURITY"] -> ["PG1A","PG1B","PG2A","PG2B","DME","ARA","ARB1","ARB2","INF","ARC","IJL","STF-OFFICE","SECURITY"]
[Stream] Starting progressive | div=DME month=6 year=2026 gangCode=E1H valuePriorityMode=non_db_ptrj useHistory=false
[GangService] fetchGangs triggered - Div: DME, Search: undefined, Profile: SERVER_PROFILE_2, DB: db_ptrj
[DivisionConfigService] getGangsForDivision (Enhanced): DME, resolved: DME, type: real
[DivisionConfigService] Discovery complete for DME: Unique=12
[GangService] divisionConfigService returned 12 gangs for DME
[GangService] Returning 12 gangs.
[DataExtractor.getEmployees] isHistorical=false, gangCondition=(UPPER(RTRIM(gl.GangCode)) = 'E1H' OR UPPER(RTRIM(g.GangCode)) = 'E1H' OR UPPER(RTRIM(g.Description)) = 'E1H')
[DataExtractor] Live active query returned 34 rows
[DataExtractor] De-duplicated results to 34 unique employees
[EmployeeEstateService] Final maps: empcodeMap=28, nikMap=28
[Stream] Phase identity: Loaded 34 employees. Fetching attendance...
[Stream] Phase attendance: Attendance loaded. Processing overtime...
[Stream] Phase overtime: Overtime loaded. Processing premiums...
[EmployeeEstateService] Final maps: empcodeMap=187, nikMap=187
[Stream] Phase premium: Premiums loaded. Calculating final values...
[PtkpTaxService] Table history_ptkp_pajak assumed to exist (pre-created)
[Phase 4b] E0276: Found 1 incomes, total=350000
[Phase 4b] E0311: Found 1 incomes, total=1305035
[Phase 4b] E0524: Found 1 incomes, total=350000
[Stream] Phase complete: ✅ Complete! 24 employees in 3.7s
[Stream] ✅ Complete: ✅ Complete! 24 employees in 3.7s
[AuthService] Verifying token. Token starts with: eyJhbGciOi...
[AuthService] External token verified.
[AuthService] Creating transient user from external token. ID: 6, Role: kerani
[AuthService] Transient Divisions extracted: ["ARA"]
[AuthService] Verifying token. Token starts with: eyJhbGciOi...
[AuthService] Verifying token. Token starts with: eyJhbGciOi...
[AuthService] Verifying token. Token starts with: eyJhbGciOi...
[AuthService] External token verified.
[AuthService] Creating transient user from external token. ID: 6, Role: kerani
[AuthService] Transient Divisions extracted: ["ARA"]
[GangService] fetchGangs triggered - Div: ARA, Search: undefined, Profile: SERVER_PROFILE_2, DB: db_ptrj
[DivisionConfigService] getGangsForDivision (Enhanced): ARA, resolved: ARA, type: real
[AuthService] External token verified.
[AuthService] Creating transient user from external token. ID: 6, Role: kerani
[AuthService] Transient Divisions extracted: ["ARA"]
[AuthService] External token verified.
[AuthService] Creating transient user from external token. ID: 6, Role: kerani
[AuthService] Transient Divisions extracted: ["ARA"]
[DivisionConfigService] Discovery complete for ARA: Unique=12
[GangService] divisionConfigService returned 11 gangs for ARA
[GangService] Returning 11 gangs.
[AuthService] Verifying token. Token starts with: eyJhbGciOi...
[AuthService] External token verified.
[AuthService] Creating transient user from external token. ID: 6, Role: kerani
[AuthService] Transient Divisions extracted: ["ARA"]
[Stream] Starting progressive | div=ARA month=6 year=2026 gangCode=F2 valuePriorityMode=non_db_ptrj useHistory=false
[GangService] fetchGangs triggered - Div: ARA, Search: undefined, Profile: SERVER_PROFILE_2, DB: db_ptrj
[DivisionConfigService] getGangsForDivision (Enhanced): ARA, resolved: ARA, type: real
[DivisionConfigService] Discovery complete for ARA: Unique=12
[GangService] divisionConfigService returned 11 gangs for ARA
[GangService] Returning 11 gangs.
[DataExtractor.getEmployees] isHistorical=false, gangCondition=(UPPER(RTRIM(gl.GangCode)) = 'F2' OR UPPER(RTRIM(g.GangCode)) = 'F2' OR UPPER(RTRIM(g.Description)) = 'F2')
[DataExtractor] Live active query returned 10 rows
[DataExtractor] De-duplicated results to 10 unique employees
[EmployeeEstateService] Final maps: empcodeMap=10, nikMap=10
[Stream] Phase identity: Loaded 10 employees. Fetching attendance...
[Stream] Phase attendance: Attendance loaded. Processing overtime...
[EmployeeEstateService] Final maps: empcodeMap=142, nikMap=142
[Stream] Phase overtime: Overtime loaded. Processing premiums...
[Stream] Phase premium: Premiums loaded. Calculating final values...
[PtkpTaxService] Table history_ptkp_pajak assumed to exist (pre-created)
[Phase 4b] F0525: Found 1 incomes, total=378225
[Phase 4b] F0526: Found 1 incomes, total=337225
[Phase 4b] F0527: Found 1 incomes, total=152550
[Phase 4b] F0529: Found 1 incomes, total=131225
[Stream] Phase complete: ✅ Complete! 10 employees in 2.2s
[Stream] ✅ Complete: ✅ Complete! 10 employees in 2.2s
[AuthService] Verifying token. Token starts with: eyJhbGciOi...
[AuthService] Verifying token. Token starts with: eyJhbGciOi...
[AuthService] External token verified.
[AuthService] Normalized divisions for user admin: ["PG1A","PG1B","PG2A","PG2B","DME","ARA","ARB1","ARB2","INFRA","AREC","IJL","STF-OFFICE","SECURITY"] -> ["PG1A","PG1B","PG2A","PG2B","DME","ARA","ARB1","ARB2","INF","ARC","IJL","STF-OFFICE","SECURITY"]
[AuthService] External token verified.
[AuthService] Normalized divisions for user admin: ["PG1A","PG1B","PG2A","PG2B","DME","ARA","ARB1","ARB2","INFRA","AREC","IJL","STF-OFFICE","SECURITY"] -> ["PG1A","PG1B","PG2A","PG2B","DME","ARA","ARB1","ARB2","INF","ARC","IJL","STF-OFFICE","SECURITY"]
[AuthService] Verifying token. Token starts with: eyJhbGciOi...
[AuthService] External token verified.
[AuthService] Normalized divisions for user admin: ["PG1A","PG1B","PG2A","PG2B","DME","ARA","ARB1","ARB2","INFRA","AREC","IJL","STF-OFFICE","SECURITY"] -> ["PG1A","PG1B","PG2A","PG2B","DME","ARA","ARB1","ARB2","INF","ARC","IJL","STF-OFFICE","SECURITY"]
[GangService] fetchGangs triggered - Div: PG1A, Search: undefined, Profile: SERVER_PROFILE_2, DB: db_ptrj
[DivisionConfigService] getGangsForDivision (Enhanced): PG1A, resolved: PG1A, type: real
[DivisionConfigService] Discovery complete for PG1A: Unique=20
[GangService] divisionConfigService returned 14 gangs for PG1A
[GangService] Returning 14 gangs.
[AuthService] Verifying token. Token starts with: eyJhbGciOi...
[AuthService] External token verified.
[AuthService] Normalized divisions for user admin: ["PG1A","PG1B","PG2A","PG2B","DME","ARA","ARB1","ARB2","INFRA","AREC","IJL","STF-OFFICE","SECURITY"] -> ["PG1A","PG1B","PG2A","PG2B","DME","ARA","ARB1","ARB2","INF","ARC","IJL","STF-OFFICE","SECURITY"]
[Stream] Starting progressive | div=PG1A month=6 year=2026 gangCode=A1H valuePriorityMode=non_db_ptrj useHistory=false
[GangService] fetchGangs triggered - Div: PG1A, Search: undefined, Profile: SERVER_PROFILE_2, DB: db_ptrj
[DivisionConfigService] getGangsForDivision (Enhanced): PG1A, resolved: PG1A, type: real
[AuthService] Verifying token. Token starts with: eyJhbGciOi...
[AuthService] External token verified.
[AuthService] Normalized divisions for user admin: ["PG1A","PG1B","PG2A","PG2B","DME","ARA","ARB1","ARB2","INFRA","AREC","IJL","STF-OFFICE","SECURITY"] -> ["PG1A","PG1B","PG2A","PG2B","DME","ARA","ARB1","ARB2","INF","ARC","IJL","STF-OFFICE","SECURITY"]
[DivisionConfigService] Discovery complete for PG1A: Unique=20
[GangService] divisionConfigService returned 14 gangs for PG1A
[GangService] Returning 14 gangs.
[DataExtractor.getEmployees] isHistorical=false, gangCondition=(UPPER(RTRIM(gl.GangCode)) = 'A1H' OR UPPER(RTRIM(g.GangCode)) = 'A1H' OR UPPER(RTRIM(g.Description)) = 'A1H')
[DataExtractor] Live active query returned 30 rows
[DataExtractor] De-duplicated results to 30 unique employees
[EmployeeEstateService] Final maps: empcodeMap=30, nikMap=30
[Stream] Phase identity: Loaded 30 employees. Fetching attendance...
[Stream] Phase attendance: Attendance loaded. Processing overtime...
[EmployeeEstateService] Final maps: empcodeMap=178, nikMap=178
[Stream] Phase overtime: Overtime loaded. Processing premiums...
[Stream] Phase premium: Premiums loaded. Calculating final values...
[PtkpTaxService] Table history_ptkp_pajak assumed to exist (pre-created)
[Phase 4b] A0815: Found 1 incomes, total=150000
[Stream] Phase complete: ✅ Complete! 30 employees in 2.8s
[Stream] ✅ Complete: ✅ Complete! 30 employees in 2.8s
[PayrollRoutes] /report/division-raw-tree | div=PG1A month=6 year=2026 gangPrefix=none valuePriorityMode=non_db_ptrj DB_PROFILE=SERVER_PROFILE_2 useHistory=false RUN_MODE=prod
[GangService] fetchGangs triggered - Div: PG1A, Search: undefined, Profile: SERVER_PROFILE_2, DB: db_ptrj
[DivisionConfigService] getGangsForDivision (Enhanced): PG1A, resolved: PG1A, type: real
[DivisionConfigService] Discovery complete for PG1A: Unique=20
[GangService] divisionConfigService returned 14 gangs for PG1A
[GangService] Returning 14 gangs.
[DataExtractor] allGangs.length=14, divisionCode=PG1A, gangCode=ALL
--- REFLI VERSION 1.1.0 ---
[DataExtractor] Division: PG1A, isVirtual: false, allGangs: 14
[DataExtractor] Final gangCondition: ((UPPER(RTRIM(g.LocCode)) IN ('PG1A','P1A')) OR UPPER(RTRIM(gl.GangCode)) IN ('A1H','A1M','A1P','A1T','A2H','A2M','A2N','A2P','A2T','A3H','A3M','A3P','A3T','F1BHL')) AND NOT ((gl.GangCode IN ('INF','INT','AMC','HMC','B2N') OR gl.GangCode LIKE 'IN%' OR gl.GangCode LIKE 'INT%' OR gl.GangCode LIKE 'AMC%' OR gl.GangCode LIKE 'HMC%' OR gl.GangCode LIKE 'B2N%' OR gl.GangCode LIKE 'M%') OR COALESCE(g.Description, '') LIKE '%INFRA%' OR COALESCE(g.Description, '') LIKE '%WORKSHOP%' OR COALESCE(g.Description, '') LIKE '%NURSERY%' OR COALESCE(g.Description, '') LIKE '%MEC%' OR COALESCE(g.Description, '') LIKE '%MECHANIC%' OR COALESCE(g.Description, '') LIKE '%PKS%' OR COALESCE(g.Description, '') LIKE '%MILL%' OR COALESCE(g.Description, '') LIKE '%TRAKSI%')
[DataExtractor.getEmployees] isHistorical=false, gangCondition=((UPPER(RTRIM(g.LocCode)) IN ('PG1A','P1A')) OR UPPER(RTRIM(gl.GangCode)) IN ('A1H','A1M','A1P','A1T','A2H','A2M','A2N','A2P','A2T','A3H','A3M','A3P','A3T','F1BHL')) AND NOT ((gl.GangCode IN ('INF','INT','AMC','HMC','B2N') OR gl.GangCode LIKE 'IN%' OR gl.GangCode LIKE 'INT%' OR gl.GangCode LIKE 'AMC%' OR gl.GangCode LIKE 'HMC%' OR gl.GangCode LIKE 'B2N%' OR gl.GangCode LIKE 'M%') OR COALESCE(g.Description, '') LIKE '%INFRA%' OR COALESCE(g.Description, '') LIKE '%WORKSHOP%' OR COALESCE(g.Description, '') LIKE '%NURSERY%' OR COALESCE(g.Description, '') LIKE '%MEC%' OR COALESCE(g.Description, '') LIKE '%MECHANIC%' OR COALESCE(g.Description, '') LIKE '%PKS%' OR COALESCE(g.Description, '') LIKE '%MILL%' OR COALESCE(g.Description, '') LIKE '%TRAKSI%')
[DataExtractor] Live active query returned 188 rows
[DataExtractor] De-duplicated results to 188 unique employees
[EmployeeEstateService] Final maps: empcodeMap=178, nikMap=178
[EmployeeEstateService] Final maps: empcodeMap=178, nikMap=178
[PtkpTaxService] Table history_ptkp_pajak assumed to exist (pre-created)
[PayrollRoutes] /report/division-raw-tree RESULT | data_rows=187 gangs=10 | gangPrefix=undefined
[PayrollRoutes] division-raw-tree: division=PG1A, month=6, year=2026, gangPrefix=none
[PayrollRoutes] division-raw-tree: data_rows count=187, gangs count=10
[PayrollRoutes] division-raw-tree: dynamic_premi=12, dynamic_pot=2
[PayrollRoutes] division-raw-tree: returning response with 10 gangs
[PayrollRoutes] /report/division-raw-tree | div=PG1B month=6 year=2026 gangPrefix=none valuePriorityMode=non_db_ptrj DB_PROFILE=SERVER_PROFILE_2 useHistory=false RUN_MODE=prod
[GangService] fetchGangs triggered - Div: PG1B, Search: undefined, Profile: SERVER_PROFILE_2, DB: db_ptrj
[DivisionConfigService] getGangsForDivision (Enhanced): PG1B, resolved: PG1B, type: real
[DivisionConfigService] Discovery complete for PG1B: Unique=18
[GangService] divisionConfigService returned 17 gangs for PG1B
[GangService] Returning 17 gangs.
[DataExtractor] allGangs.length=17, divisionCode=PG1B, gangCode=ALL
--- REFLI VERSION 1.1.0 ---
[DataExtractor] Division: PG1B, isVirtual: false, allGangs: 17
[DataExtractor] Final gangCondition: ((UPPER(RTRIM(g.LocCode)) IN ('PG1B','P1B')) OR UPPER(RTRIM(gl.GangCode)) IN ('B1B','B1H','B1M','B1P','B1T','B2H','B2M','B2P','B2T','B3A','B3B','B3H','B3M','B3P','B3T','BIBITAN','PB3')) AND NOT ((gl.GangCode IN ('INF','INT','AMC','HMC','B2N') OR gl.GangCode LIKE 'IN%' OR gl.GangCode LIKE 'INT%' OR gl.GangCode LIKE 'AMC%' OR gl.GangCode LIKE 'HMC%' OR gl.GangCode LIKE 'B2N%' OR gl.GangCode LIKE 'M%') OR COALESCE(g.Description, '') LIKE '%INFRA%' OR COALESCE(g.Description, '') LIKE '%WORKSHOP%' OR COALESCE(g.Description, '') LIKE '%NURSERY%' OR COALESCE(g.Description, '') LIKE '%MEC%' OR COALESCE(g.Description, '') LIKE '%MECHANIC%' OR COALESCE(g.Description, '') LIKE '%PKS%' OR COALESCE(g.Description, '') LIKE '%MILL%' OR COALESCE(g.Description, '') LIKE '%TRAKSI%')
[DataExtractor.getEmployees] isHistorical=false, gangCondition=((UPPER(RTRIM(g.LocCode)) IN ('PG1B','P1B')) OR UPPER(RTRIM(gl.GangCode)) IN ('B1B','B1H','B1M','B1P','B1T','B2H','B2M','B2P','B2T','B3A','B3B','B3H','B3M','B3P','B3T','BIBITAN','PB3')) AND NOT ((gl.GangCode IN ('INF','INT','AMC','HMC','B2N') OR gl.GangCode LIKE 'IN%' OR gl.GangCode LIKE 'INT%' OR gl.GangCode LIKE 'AMC%' OR gl.GangCode LIKE 'HMC%' OR gl.GangCode LIKE 'B2N%' OR gl.GangCode LIKE 'M%') OR COALESCE(g.Description, '') LIKE '%INFRA%' OR COALESCE(g.Description, '') LIKE '%WORKSHOP%' OR COALESCE(g.Description, '') LIKE '%NURSERY%' OR COALESCE(g.Description, '') LIKE '%MEC%' OR COALESCE(g.Description, '') LIKE '%MECHANIC%' OR COALESCE(g.Description, '') LIKE '%PKS%' OR COALESCE(g.Description, '') LIKE '%MILL%' OR COALESCE(g.Description, '') LIKE '%TRAKSI%')
[DataExtractor] Live active query returned 179 rows
[DataExtractor] De-duplicated results to 179 unique employees
[EmployeeEstateService] Final maps: empcodeMap=179, nikMap=179
[EmployeeEstateService] Final maps: empcodeMap=179, nikMap=179
[PtkpTaxService] Table history_ptkp_pajak assumed to exist (pre-created)
[PayrollRoutes] /report/division-raw-tree RESULT | data_rows=179 gangs=6 | gangPrefix=undefined
[PayrollRoutes] division-raw-tree: division=PG1B, month=6, year=2026, gangPrefix=none
[PayrollRoutes] division-raw-tree: data_rows count=179, gangs count=6
[PayrollRoutes] division-raw-tree: dynamic_premi=10, dynamic_pot=1
[PayrollRoutes] division-raw-tree: returning response with 6 gangs
[PayrollRoutes] /report/division-raw-tree | div=PG2A month=6 year=2026 gangPrefix=none valuePriorityMode=non_db_ptrj DB_PROFILE=SERVER_PROFILE_2 useHistory=false RUN_MODE=prod
[GangService] fetchGangs triggered - Div: PG2A, Search: undefined, Profile: SERVER_PROFILE_2, DB: db_ptrj
[DivisionConfigService] getGangsForDivision (Enhanced): PG2A, resolved: PG2A, type: real
[DivisionConfigService] Discovery complete for PG2A: Unique=15
[GangService] divisionConfigService returned 15 gangs for PG2A
[GangService] Returning 15 gangs.
[DataExtractor] allGangs.length=15, divisionCode=PG2A, gangCode=ALL
--- REFLI VERSION 1.1.0 ---
[DataExtractor] Division: PG2A, isVirtual: false, allGangs: 15
[DataExtractor] Final gangCondition: ((UPPER(RTRIM(g.LocCode)) IN ('PG2A','P2A')) OR UPPER(RTRIM(gl.GangCode)) IN ('C1B','C1H','C1HP','C1M','C1P','C1T','C2B','C2H','C2M','C2P','C2T','C3H','C3M','C3P','C3T')) AND NOT ((gl.GangCode IN ('INF','INT','AMC','HMC','B2N') OR gl.GangCode LIKE 'IN%' OR gl.GangCode LIKE 'INT%' OR gl.GangCode LIKE 'AMC%' OR gl.GangCode LIKE 'HMC%' OR gl.GangCode LIKE 'B2N%' OR gl.GangCode LIKE 'M%') OR COALESCE(g.Description, '') LIKE '%INFRA%' OR COALESCE(g.Description, '') LIKE '%WORKSHOP%' OR COALESCE(g.Description, '') LIKE '%NURSERY%' OR COALESCE(g.Description, '') LIKE '%MEC%' OR COALESCE(g.Description, '') LIKE '%MECHANIC%' OR COALESCE(g.Description, '') LIKE '%PKS%' OR COALESCE(g.Description, '') LIKE '%MILL%' OR COALESCE(g.Description, '') LIKE '%TRAKSI%')
[DataExtractor.getEmployees] isHistorical=false, gangCondition=((UPPER(RTRIM(g.LocCode)) IN ('PG2A','P2A')) OR UPPER(RTRIM(gl.GangCode)) IN ('C1B','C1H','C1HP','C1M','C1P','C1T','C2B','C2H','C2M','C2P','C2T','C3H','C3M','C3P','C3T')) AND NOT ((gl.GangCode IN ('INF','INT','AMC','HMC','B2N') OR gl.GangCode LIKE 'IN%' OR gl.GangCode LIKE 'INT%' OR gl.GangCode LIKE 'AMC%' OR gl.GangCode LIKE 'HMC%' OR gl.GangCode LIKE 'B2N%' OR gl.GangCode LIKE 'M%') OR COALESCE(g.Description, '') LIKE '%INFRA%' OR COALESCE(g.Description, '') LIKE '%WORKSHOP%' OR COALESCE(g.Description, '') LIKE '%NURSERY%' OR COALESCE(g.Description, '') LIKE '%MEC%' OR COALESCE(g.Description, '') LIKE '%MECHANIC%' OR COALESCE(g.Description, '') LIKE '%PKS%' OR COALESCE(g.Description, '') LIKE '%MILL%' OR COALESCE(g.Description, '') LIKE '%TRAKSI%')
[DataExtractor] Live active query returned 177 rows
[DataExtractor] De-duplicated results to 177 unique employees
[EmployeeEstateService] Final maps: empcodeMap=174, nikMap=174
[EmployeeEstateService] Final maps: empcodeMap=173, nikMap=173
[PtkpTaxService] Table history_ptkp_pajak assumed to exist (pre-created)
[PayrollRoutes] /report/division-raw-tree RESULT | data_rows=176 gangs=12 | gangPrefix=undefined
[PayrollRoutes] division-raw-tree: division=PG2A, month=6, year=2026, gangPrefix=none
[PayrollRoutes] division-raw-tree: data_rows count=176, gangs count=12
[PayrollRoutes] division-raw-tree: dynamic_premi=12, dynamic_pot=3
[PayrollRoutes] division-raw-tree: returning response with 12 gangs
[PayrollRoutes] /report/division-raw-tree | div=PG2B month=6 year=2026 gangPrefix=none valuePriorityMode=non_db_ptrj DB_PROFILE=SERVER_PROFILE_2 useHistory=false RUN_MODE=prod
[GangService] fetchGangs triggered - Div: PG2B, Search: undefined, Profile: SERVER_PROFILE_2, DB: db_ptrj
[DivisionConfigService] getGangsForDivision (Enhanced): PG2B, resolved: PG2B, type: real
[DivisionConfigService] Discovery complete for PG2B: Unique=10
[GangService] divisionConfigService returned 10 gangs for PG2B
[GangService] Returning 10 gangs.
[DataExtractor] allGangs.length=10, divisionCode=PG2B, gangCode=ALL
--- REFLI VERSION 1.1.0 ---
[DataExtractor] Division: PG2B, isVirtual: false, allGangs: 10
[DataExtractor] Final gangCondition: ((UPPER(RTRIM(g.LocCode)) IN ('PG2B','P2B')) OR UPPER(RTRIM(gl.GangCode)) IN ('D1H','D1M','D1P','D1T','D2B','D2H','D2M','D2P','D2T','K2H')) AND NOT ((gl.GangCode IN ('INF','INT','AMC','HMC','B2N') OR gl.GangCode LIKE 'IN%' OR gl.GangCode LIKE 'INT%' OR gl.GangCode LIKE 'AMC%' OR gl.GangCode LIKE 'HMC%' OR gl.GangCode LIKE 'B2N%' OR gl.GangCode LIKE 'M%') OR COALESCE(g.Description, '') LIKE '%INFRA%' OR COALESCE(g.Description, '') LIKE '%WORKSHOP%' OR COALESCE(g.Description, '') LIKE '%NURSERY%' OR COALESCE(g.Description, '') LIKE '%MEC%' OR COALESCE(g.Description, '') LIKE '%MECHANIC%' OR COALESCE(g.Description, '') LIKE '%PKS%' OR COALESCE(g.Description, '') LIKE '%MILL%' OR COALESCE(g.Description, '') LIKE '%TRAKSI%')
[DataExtractor.getEmployees] isHistorical=false, gangCondition=((UPPER(RTRIM(g.LocCode)) IN ('PG2B','P2B')) OR UPPER(RTRIM(gl.GangCode)) IN ('D1H','D1M','D1P','D1T','D2B','D2H','D2M','D2P','D2T','K2H')) AND NOT ((gl.GangCode IN ('INF','INT','AMC','HMC','B2N') OR gl.GangCode LIKE 'IN%' OR gl.GangCode LIKE 'INT%' OR gl.GangCode LIKE 'AMC%' OR gl.GangCode LIKE 'HMC%' OR gl.GangCode LIKE 'B2N%' OR gl.GangCode LIKE 'M%') OR COALESCE(g.Description, '') LIKE '%INFRA%' OR COALESCE(g.Description, '') LIKE '%WORKSHOP%' OR COALESCE(g.Description, '') LIKE '%NURSERY%' OR COALESCE(g.Description, '') LIKE '%MEC%' OR COALESCE(g.Description, '') LIKE '%MECHANIC%' OR COALESCE(g.Description, '') LIKE '%PKS%' OR COALESCE(g.Description, '') LIKE '%MILL%' OR COALESCE(g.Description, '') LIKE '%TRAKSI%')
[DataExtractor] Live active query returned 128 rows
[DataExtractor] De-duplicated results to 128 unique employees
[EmployeeEstateService] Final maps: empcodeMap=123, nikMap=123
[EmployeeEstateService] Final maps: empcodeMap=122, nikMap=122
[PtkpTaxService] Table history_ptkp_pajak assumed to exist (pre-created)
[PayrollRoutes] /report/division-raw-tree RESULT | data_rows=125 gangs=9 | gangPrefix=undefined
[PayrollRoutes] division-raw-tree: division=PG2B, month=6, year=2026, gangPrefix=none
[PayrollRoutes] division-raw-tree: data_rows count=125, gangs count=9
[PayrollRoutes] division-raw-tree: dynamic_premi=11, dynamic_pot=4
[PayrollRoutes] division-raw-tree: returning response with 9 gangs
[PayrollRoutes] /report/division-raw-tree | div=DME month=6 year=2026 gangPrefix=none valuePriorityMode=non_db_ptrj DB_PROFILE=SERVER_PROFILE_2 useHistory=false RUN_MODE=prod
[GangService] fetchGangs triggered - Div: DME, Search: undefined, Profile: SERVER_PROFILE_2, DB: db_ptrj
[DivisionConfigService] getGangsForDivision (Enhanced): DME, resolved: DME, type: real
[DivisionConfigService] Discovery complete for DME: Unique=12
[GangService] divisionConfigService returned 12 gangs for DME
[GangService] Returning 12 gangs.
[DataExtractor] allGangs.length=12, divisionCode=DME, gangCode=ALL
--- REFLI VERSION 1.1.0 ---
[DataExtractor] Division: DME, isVirtual: false, allGangs: 12
[DataExtractor] Final gangCondition: ((UPPER(RTRIM(g.LocCode)) IN ('DME')) OR UPPER(RTRIM(gl.GangCode)) IN ('E1H','E1M','E1P','E1T','E2H','E2M','E2P','E2T','E3H','E3M','E3P','E3T')) AND NOT ((gl.GangCode IN ('INF','INT','AMC','HMC','B2N') OR gl.GangCode LIKE 'IN%' OR gl.GangCode LIKE 'INT%' OR gl.GangCode LIKE 'AMC%' OR gl.GangCode LIKE 'HMC%' OR gl.GangCode LIKE 'B2N%' OR gl.GangCode LIKE 'M%') OR COALESCE(g.Description, '') LIKE '%INFRA%' OR COALESCE(g.Description, '') LIKE '%WORKSHOP%' OR COALESCE(g.Description, '') LIKE '%NURSERY%' OR COALESCE(g.Description, '') LIKE '%MEC%' OR COALESCE(g.Description, '') LIKE '%MECHANIC%' OR COALESCE(g.Description, '') LIKE '%PKS%' OR COALESCE(g.Description, '') LIKE '%MILL%' OR COALESCE(g.Description, '') LIKE '%TRAKSI%')
[DataExtractor.getEmployees] isHistorical=false, gangCondition=((UPPER(RTRIM(g.LocCode)) IN ('DME')) OR UPPER(RTRIM(gl.GangCode)) IN ('E1H','E1M','E1P','E1T','E2H','E2M','E2P','E2T','E3H','E3M','E3P','E3T')) AND NOT ((gl.GangCode IN ('INF','INT','AMC','HMC','B2N') OR gl.GangCode LIKE 'IN%' OR gl.GangCode LIKE 'INT%' OR gl.GangCode LIKE 'AMC%' OR gl.GangCode LIKE 'HMC%' OR gl.GangCode LIKE 'B2N%' OR gl.GangCode LIKE 'M%') OR COALESCE(g.Description, '') LIKE '%INFRA%' OR COALESCE(g.Description, '') LIKE '%WORKSHOP%' OR COALESCE(g.Description, '') LIKE '%NURSERY%' OR COALESCE(g.Description, '') LIKE '%MEC%' OR COALESCE(g.Description, '') LIKE '%MECHANIC%' OR COALESCE(g.Description, '') LIKE '%PKS%' OR COALESCE(g.Description, '') LIKE '%MILL%' OR COALESCE(g.Description, '') LIKE '%TRAKSI%')
[DataExtractor] Live active query returned 246 rows
[DataExtractor] De-duplicated results to 246 unique employees
[EmployeeEstateService] Final maps: empcodeMap=187, nikMap=187
[EmployeeEstateService] Final maps: empcodeMap=200, nikMap=200
[PtkpTaxService] Table history_ptkp_pajak assumed to exist (pre-created)
[PayrollRoutes] /report/division-raw-tree RESULT | data_rows=187 gangs=12 | gangPrefix=undefined
[PayrollRoutes] division-raw-tree: division=DME, month=6, year=2026, gangPrefix=none
[PayrollRoutes] division-raw-tree: data_rows count=187, gangs count=12
[PayrollRoutes] division-raw-tree: dynamic_premi=10, dynamic_pot=1
[PayrollRoutes] division-raw-tree: returning response with 12 gangs
[PayrollRoutes] /report/division-raw-tree | div=ARA month=6 year=2026 gangPrefix=none valuePriorityMode=non_db_ptrj DB_PROFILE=SERVER_PROFILE_2 useHistory=false RUN_MODE=prod
[GangService] fetchGangs triggered - Div: ARA, Search: undefined, Profile: SERVER_PROFILE_2, DB: db_ptrj
[DivisionConfigService] getGangsForDivision (Enhanced): ARA, resolved: ARA, type: real
[DivisionConfigService] Discovery complete for ARA: Unique=12
[GangService] divisionConfigService returned 11 gangs for ARA
[GangService] Returning 11 gangs.
[DataExtractor] allGangs.length=11, divisionCode=ARA, gangCode=ALL
--- REFLI VERSION 1.1.0 ---
[DataExtractor] Division: ARA, isVirtual: false, allGangs: 11
[DataExtractor] Final gangCondition: ((UPPER(RTRIM(g.LocCode)) IN ('ARA')) OR UPPER(RTRIM(gl.GangCode)) IN ('F1','F1C','F1H','F1M','F1P','F1T','F2','F2H','F2M','F2P','F2T')) AND NOT ((gl.GangCode IN ('INF','INT','AMC','HMC','B2N') OR gl.GangCode LIKE 'IN%' OR gl.GangCode LIKE 'INT%' OR gl.GangCode LIKE 'AMC%' OR gl.GangCode LIKE 'HMC%' OR gl.GangCode LIKE 'B2N%' OR gl.GangCode LIKE 'M%') OR COALESCE(g.Description, '') LIKE '%INFRA%' OR COALESCE(g.Description, '') LIKE '%WORKSHOP%' OR COALESCE(g.Description, '') LIKE '%NURSERY%' OR COALESCE(g.Description, '') LIKE '%MEC%' OR COALESCE(g.Description, '') LIKE '%MECHANIC%' OR COALESCE(g.Description, '') LIKE '%PKS%' OR COALESCE(g.Description, '') LIKE '%MILL%' OR COALESCE(g.Description, '') LIKE '%TRAKSI%')
[DataExtractor.getEmployees] isHistorical=false, gangCondition=((UPPER(RTRIM(g.LocCode)) IN ('ARA')) OR UPPER(RTRIM(gl.GangCode)) IN ('F1','F1C','F1H','F1M','F1P','F1T','F2','F2H','F2M','F2P','F2T')) AND NOT ((gl.GangCode IN ('INF','INT','AMC','HMC','B2N') OR gl.GangCode LIKE 'IN%' OR gl.GangCode LIKE 'INT%' OR gl.GangCode LIKE 'AMC%' OR gl.GangCode LIKE 'HMC%' OR gl.GangCode LIKE 'B2N%' OR gl.GangCode LIKE 'M%') OR COALESCE(g.Description, '') LIKE '%INFRA%' OR COALESCE(g.Description, '') LIKE '%WORKSHOP%' OR COALESCE(g.Description, '') LIKE '%NURSERY%' OR COALESCE(g.Description, '') LIKE '%MEC%' OR COALESCE(g.Description, '') LIKE '%MECHANIC%' OR COALESCE(g.Description, '') LIKE '%PKS%' OR COALESCE(g.Description, '') LIKE '%MILL%' OR COALESCE(g.Description, '') LIKE '%TRAKSI%')
[DataExtractor] Live active query returned 183 rows
[DataExtractor] De-duplicated results to 183 unique employees
[EmployeeEstateService] Final maps: empcodeMap=142, nikMap=142
[EmployeeEstateService] Final maps: empcodeMap=157, nikMap=157
[PtkpTaxService] Table history_ptkp_pajak assumed to exist (pre-created)
[PayrollRoutes] /report/division-raw-tree RESULT | data_rows=142 gangs=8 | gangPrefix=undefined
[PayrollRoutes] division-raw-tree: division=ARA, month=6, year=2026, gangPrefix=none
[PayrollRoutes] division-raw-tree: data_rows count=142, gangs count=8
[PayrollRoutes] division-raw-tree: dynamic_premi=6, dynamic_pot=3
[PayrollRoutes] division-raw-tree: returning response with 8 gangs
[PayrollRoutes] /report/division-raw-tree | div=ARB1 month=6 year=2026 gangPrefix=none valuePriorityMode=non_db_ptrj DB_PROFILE=SERVER_PROFILE_2 useHistory=false RUN_MODE=prod
[GangService] fetchGangs triggered - Div: ARB1, Search: undefined, Profile: SERVER_PROFILE_2, DB: db_ptrj
[DivisionConfigService] getGangsForDivision (Enhanced): ARB1, resolved: AB1, type: real
[DivisionConfigService] Discovery complete for AB1: Unique=8
[GangService] divisionConfigService returned 8 gangs for ARB1
[GangService] Returning 8 gangs.
[DataExtractor] allGangs.length=8, divisionCode=ARB1, gangCode=ALL
--- REFLI VERSION 1.1.0 ---
[DataExtractor] Division: ARB1, isVirtual: false, allGangs: 8
[DataExtractor] Final gangCondition: ((UPPER(RTRIM(g.LocCode)) IN ('AB1','ARB1')) OR UPPER(RTRIM(gl.GangCode)) IN ('G1H','G1M','G1P','G1T','G2H','G2M','G2P','G2T')) AND NOT ((gl.GangCode IN ('INF','INT','AMC','HMC','B2N') OR gl.GangCode LIKE 'IN%' OR gl.GangCode LIKE 'INT%' OR gl.GangCode LIKE 'AMC%' OR gl.GangCode LIKE 'HMC%' OR gl.GangCode LIKE 'B2N%' OR gl.GangCode LIKE 'M%') OR COALESCE(g.Description, '') LIKE '%INFRA%' OR COALESCE(g.Description, '') LIKE '%WORKSHOP%' OR COALESCE(g.Description, '') LIKE '%NURSERY%' OR COALESCE(g.Description, '') LIKE '%MEC%' OR COALESCE(g.Description, '') LIKE '%MECHANIC%' OR COALESCE(g.Description, '') LIKE '%PKS%' OR COALESCE(g.Description, '') LIKE '%MILL%' OR COALESCE(g.Description, '') LIKE '%TRAKSI%')
[DataExtractor.getEmployees] isHistorical=false, gangCondition=((UPPER(RTRIM(g.LocCode)) IN ('AB1','ARB1')) OR UPPER(RTRIM(gl.GangCode)) IN ('G1H','G1M','G1P','G1T','G2H','G2M','G2P','G2T')) AND NOT ((gl.GangCode IN ('INF','INT','AMC','HMC','B2N') OR gl.GangCode LIKE 'IN%' OR gl.GangCode LIKE 'INT%' OR gl.GangCode LIKE 'AMC%' OR gl.GangCode LIKE 'HMC%' OR gl.GangCode LIKE 'B2N%' OR gl.GangCode LIKE 'M%') OR COALESCE(g.Description, '') LIKE '%INFRA%' OR COALESCE(g.Description, '') LIKE '%WORKSHOP%' OR COALESCE(g.Description, '') LIKE '%NURSERY%' OR COALESCE(g.Description, '') LIKE '%MEC%' OR COALESCE(g.Description, '') LIKE '%MECHANIC%' OR COALESCE(g.Description, '') LIKE '%PKS%' OR COALESCE(g.Description, '') LIKE '%MILL%' OR COALESCE(g.Description, '') LIKE '%TRAKSI%')
[DataExtractor] Live active query returned 138 rows
[DataExtractor] De-duplicated results to 138 unique employees
[EmployeeEstateService] Final maps: empcodeMap=138, nikMap=138
[EmployeeEstateService] Final maps: empcodeMap=136, nikMap=136
[PtkpTaxService] Table history_ptkp_pajak assumed to exist (pre-created)
[PayrollRoutes] /report/division-raw-tree RESULT | data_rows=136 gangs=8 | gangPrefix=undefined
[PayrollRoutes] division-raw-tree: division=ARB1, month=6, year=2026, gangPrefix=none
[PayrollRoutes] division-raw-tree: data_rows count=136, gangs count=8
[PayrollRoutes] division-raw-tree: dynamic_premi=11, dynamic_pot=4
[PayrollRoutes] division-raw-tree: returning response with 8 gangs
[PayrollRoutes] /report/division-raw-tree | div=ARB2 month=6 year=2026 gangPrefix=none valuePriorityMode=non_db_ptrj DB_PROFILE=SERVER_PROFILE_2 useHistory=false RUN_MODE=prod
[GangService] fetchGangs triggered - Div: ARB2, Search: undefined, Profile: SERVER_PROFILE_2, DB: db_ptrj
[DivisionConfigService] getGangsForDivision (Enhanced): ARB2, resolved: AB2, type: real
[DivisionConfigService] Discovery complete for AB2: Unique=11
[GangService] divisionConfigService returned 10 gangs for ARB2
[GangService] Returning 10 gangs.
[DataExtractor] allGangs.length=10, divisionCode=ARB2, gangCode=ALL
--- REFLI VERSION 1.1.0 ---
[DataExtractor] Division: ARB2, isVirtual: false, allGangs: 10
[DataExtractor] Final gangCondition: ((UPPER(RTRIM(g.LocCode)) IN ('ARB2')) OR UPPER(RTRIM(gl.GangCode)) IN ('H1H','H1HL','H1L','H1M','H1P','H1T','H2H','H2L','H2M','H2T')) AND NOT ((gl.GangCode IN ('INF','INT','AMC','HMC','B2N') OR gl.GangCode LIKE 'IN%' OR gl.GangCode LIKE 'INT%' OR gl.GangCode LIKE 'AMC%' OR gl.GangCode LIKE 'HMC%' OR gl.GangCode LIKE 'B2N%' OR gl.GangCode LIKE 'M%') OR COALESCE(g.Description, '') LIKE '%INFRA%' OR COALESCE(g.Description, '') LIKE '%WORKSHOP%' OR COALESCE(g.Description, '') LIKE '%NURSERY%' OR COALESCE(g.Description, '') LIKE '%MEC%' OR COALESCE(g.Description, '') LIKE '%MECHANIC%' OR COALESCE(g.Description, '') LIKE '%PKS%' OR COALESCE(g.Description, '') LIKE '%MILL%' OR COALESCE(g.Description, '') LIKE '%TRAKSI%')
[DataExtractor.getEmployees] isHistorical=false, gangCondition=((UPPER(RTRIM(g.LocCode)) IN ('ARB2')) OR UPPER(RTRIM(gl.GangCode)) IN ('H1H','H1HL','H1L','H1M','H1P','H1T','H2H','H2L','H2M','H2T')) AND NOT ((gl.GangCode IN ('INF','INT','AMC','HMC','B2N') OR gl.GangCode LIKE 'IN%' OR gl.GangCode LIKE 'INT%' OR gl.GangCode LIKE 'AMC%' OR gl.GangCode LIKE 'HMC%' OR gl.GangCode LIKE 'B2N%' OR gl.GangCode LIKE 'M%') OR COALESCE(g.Description, '') LIKE '%INFRA%' OR COALESCE(g.Description, '') LIKE '%WORKSHOP%' OR COALESCE(g.Description, '') LIKE '%NURSERY%' OR COALESCE(g.Description, '') LIKE '%MEC%' OR COALESCE(g.Description, '') LIKE '%MECHANIC%' OR COALESCE(g.Description, '') LIKE '%PKS%' OR COALESCE(g.Description, '') LIKE '%MILL%' OR COALESCE(g.Description, '') LIKE '%TRAKSI%')
[DataExtractor] Live active query returned 120 rows
[DataExtractor] De-duplicated results to 120 unique employees
[EmployeeEstateService] Final maps: empcodeMap=110, nikMap=110
[EmployeeEstateService] Final maps: empcodeMap=110, nikMap=110
[AuthService] Verifying token. Token starts with: eyJhbGciOi...
[AuthService] External token verified.
[AuthService] Creating transient user from external token. ID: 3, Role: kerani
[AuthService] Transient Divisions extracted: ["PG2A"]
[Stream] Starting progressive | div=PG2A month=6 year=2026 gangCode=ALL valuePriorityMode=non_db_ptrj useHistory=false
[GangService] fetchGangs triggered - Div: PG2A, Search: undefined, Profile: SERVER_PROFILE_2, DB: db_ptrj
[DivisionConfigService] getGangsForDivision (Enhanced): PG2A, resolved: PG2A, type: real
[DivisionConfigService] Discovery complete for PG2A: Unique=15
[GangService] divisionConfigService returned 15 gangs for PG2A
[GangService] Returning 15 gangs.
--- REFLI VERSION 1.1.0 (Progressive) ---
[DataExtractor.Progressive] Division: PG2A, isVirtual: false, allGangs: 15
[DataExtractor.getEmployees] isHistorical=false, gangCondition=((UPPER(RTRIM(g.LocCode)) IN ('PG2A','P2A')) OR UPPER(RTRIM(gl.GangCode)) IN ('C1B','C1H','C1HP','C1M','C1P','C1T','C2B','C2H','C2M','C2P','C2T','C3H','C3M','C3P','C3T')) AND NOT ((gl.GangCode IN ('INF','INT','AMC','HMC','B2N') OR gl.GangCode LIKE 'IN%' OR gl.GangCode LIKE 'INT%' OR gl.GangCode LIKE 'AMC%' OR gl.GangCode LIKE 'HMC%' OR gl.GangCode LIKE 'B2N%' OR gl.GangCode LIKE 'M%') OR COALESCE(g.Description, '') LIKE '%INFRA%' OR COALESCE(g.Description, '') LIKE '%WORKSHOP%' OR COALESCE(g.Description, '') LIKE '%NURSERY%' OR COALESCE(g.Description, '') LIKE '%MEC%' OR COALESCE(g.Description, '') LIKE '%MECHANIC%' OR COALESCE(g.Description, '') LIKE '%PKS%' OR COALESCE(g.Description, '') LIKE '%MILL%' OR COALESCE(g.Description, '') LIKE '%TRAKSI%')
[DataExtractor] Live active query returned 177 rows
[DataExtractor] De-duplicated results to 177 unique employees
[PtkpTaxService] Table history_ptkp_pajak assumed to exist (pre-created)
[EmployeeEstateService] Final maps: empcodeMap=174, nikMap=174
[Stream] Phase identity: Loaded 177 employees. Fetching attendance...
[EmployeeEstateService] Final maps: empcodeMap=173, nikMap=173
[PayrollRoutes] /report/division-raw-tree RESULT | data_rows=120 gangs=8 | gangPrefix=undefined
[PayrollRoutes] division-raw-tree: division=ARB2, month=6, year=2026, gangPrefix=none
[PayrollRoutes] division-raw-tree: data_rows count=120, gangs count=8
[PayrollRoutes] division-raw-tree: dynamic_premi=10, dynamic_pot=3
[PayrollRoutes] division-raw-tree: returning response with 8 gangs
[PayrollRoutes] /report/division-raw-tree | div=INFRA month=6 year=2026 gangPrefix=none valuePriorityMode=non_db_ptrj DB_PROFILE=SERVER_PROFILE_2 useHistory=false RUN_MODE=prod
[GangService] fetchGangs triggered - Div: INFRA, Search: undefined, Profile: SERVER_PROFILE_2, DB: db_ptrj
[DivisionConfigService] getGangsForDivision (Enhanced): INFRA, resolved: INF, type: virtual
[DivisionConfigService] Discovery complete for INF: Unique=19
[GangService] divisionConfigService returned 4 gangs for INFRA
[GangService] Returning 4 gangs.
[DataExtractor] allGangs.length=4, divisionCode=INFRA, gangCode=ALL
--- REFLI VERSION 1.1.0 ---
[DataExtractor] Division: INFRA, isVirtual: true, allGangs: 4
[DataExtractor] Final gangCondition: (UPPER(RTRIM(gl.GangCode)) IN ('INF', 'INT') OR UPPER(RTRIM(g.GangCode)) IN ('INF', 'INT'))
[DataExtractor.getEmployees] isHistorical=false, gangCondition=(UPPER(RTRIM(gl.GangCode)) IN ('INF', 'INT') OR UPPER(RTRIM(g.GangCode)) IN ('INF', 'INT'))
[DataExtractor] Live active query returned 27 rows
[DataExtractor] De-duplicated results to 27 unique employees
[Stream] Phase attendance: Attendance loaded. Processing overtime...
[EmployeeEstateService] Final maps: empcodeMap=27, nikMap=27
[EmployeeEstateService] Final maps: empcodeMap=27, nikMap=27
[Stream] Phase overtime: Overtime loaded. Processing premiums...
[PtkpTaxService] Table history_ptkp_pajak assumed to exist (pre-created)
[Stream] Phase premium: Premiums loaded. Calculating final values...
[PtkpTaxService] Table history_ptkp_pajak assumed to exist (pre-created)
[Phase 4b] C0032: Found 1 incomes, total=800000
[Phase 4b] C0050: Found 1 incomes, total=540900
[Phase 4b] C0051: Found 1 incomes, total=765075
[Phase 4b] C0054: Found 1 incomes, total=994900
[Phase 4b] C0055: Found 1 incomes, total=220075
[Phase 4b] C0071: Found 1 incomes, total=51100
[Phase 4b] C0105: Found 1 incomes, total=950000
[Phase 4b] C0114: Found 1 incomes, total=396410
[Phase 4b] C0115: Found 1 incomes, total=278530
[Phase 4b] C0121: Found 1 incomes, total=60970
[Phase 4b] C0125: Found 1 incomes, total=721770
[Phase 4b] C0126: Found 1 incomes, total=313585
[Phase 4b] C0127: Found 1 incomes, total=704515
[Phase 4b] C0194: Found 1 incomes, total=850000
[Phase 4b] C0303: Found 1 incomes, total=322525
[Phase 4b] C0304: Found 1 incomes, total=142905
[Phase 4b] C0309: Found 1 incomes, total=74935
[Phase 4b] C0311: Found 1 incomes, total=512645
[Phase 4b] C0313: Found 1 incomes, total=521290
[Phase 4b] C0315: Found 1 incomes, total=333550
[Phase 4b] C0319: Found 1 incomes, total=781425
[Phase 4b] C0349: Found 1 incomes, total=47775
[Phase 4b] C0352: Found 1 incomes, total=655200
[Phase 4b] C0353: Found 1 incomes, total=521045
[Phase 4b] C0374: Found 1 incomes, total=794625
[Phase 4b] C0496: Found 1 incomes, total=1133275
[Phase 4b] C0526: Found 1 incomes, total=800000
[Phase 4b] C0587: Found 1 incomes, total=359870
[Phase 4b] C0603: Found 1 incomes, total=1397325
[Phase 4b] C0610: Found 1 incomes, total=847980
[Phase 4b] C0636: Found 1 incomes, total=1030575
[Phase 4b] C0649: Found 1 incomes, total=476840
[Phase 4b] C0653: Found 1 incomes, total=950000
[Phase 4b] C0663: Found 1 incomes, total=235515
[Phase 4b] C0680: Found 1 incomes, total=1701075
[Phase 4b] C0693: Found 1 incomes, total=461720
[Phase 4b] C0697: Found 1 incomes, total=613935
[Phase 4b] C0701: Found 1 incomes, total=313565
[Phase 4b] C0702: Found 1 incomes, total=61005
[Phase 4b] C0707: Found 1 incomes, total=814765
[Phase 4b] C0709: Found 1 incomes, total=164230
[Phase 4b] C0712: Found 1 incomes, total=73255
[Phase 4b] C0713: Found 1 incomes, total=801200
[Phase 4b] C0717: Found 1 incomes, total=343315
[Phase 4b] C0718: Found 1 incomes, total=145925
[Phase 4b] C0719: Found 1 incomes, total=207225
[Phase 4b] C0722: Found 1 incomes, total=870135
[Phase 4b] C0724: Found 1 incomes, total=841120
[Phase 4b] C0726: Found 1 incomes, total=898030
[Phase 4b] C0734: Found 1 incomes, total=850000
[Phase 4b] C0737: Found 1 incomes, total=231210
[Phase 4b] C0738: Found 1 incomes, total=821450
[Phase 4b] C0744: Found 1 incomes, total=834450
[Phase 4b] C0745: Found 1 incomes, total=715995
[Phase 4b] C0760: Found 1 incomes, total=328265
[Phase 4b] C0761: Found 1 incomes, total=743085
[Phase 4b] C0764: Found 1 incomes, total=1083950
[Phase 4b] C0766: Found 1 incomes, total=943325
[Phase 4b] C0767: Found 1 incomes, total=122185
[Phase 4b] C0768: Found 1 incomes, total=246120
[Phase 4b] C0769: Found 1 incomes, total=258545
[Phase 4b] C0770: Found 1 incomes, total=568050
[Phase 4b] C0771: Found 1 incomes, total=720020
[Phase 4b] C0772: Found 1 incomes, total=921300
[Phase 4b] C0773: Found 1 incomes, total=518875
[Phase 4b] C0774: Found 1 incomes, total=512925
[Stream] Phase complete: ✅ Complete! 176 employees in 12.6s
[Stream] ✅ Complete: ✅ Complete! 176 employees in 12.6s
[THR DEBUG A0778] empNik="1902052707850001", empCode="A0778", nikNameKey="1902052707850001||SURATMAN", empName="SURATMAN"
[THR DEBUG A0778] map.size=571
[THR DEBUG A0778] Level1(NIK)="1902052707850001" → NOT FOUND
[THR DEBUG A0778] Level2(NIK+NAME)="1902052707850001||SURATMAN" → NOT FOUND
[THR DEBUG A0778] Level3(EC)="A0778" → NOT FOUND
[THR DEBUG A0778] Level4(NAME)="SURATMAN" → NOT FOUND
[THR DEBUG A0778] Keys containing target NIK substring: []
[THR DEBUG A0778] First 10 map keys: ["1902011904840004","J0049","1906030107950018","J0051","1906030104910001","J0053","1906030305780003","J0056","1906022901980003","J0058","5203191207760003","J0060","5203013112740153","J0144","1906031707900004","J0146","1214011206940001","J0150","1906011911770007","J0151"]
[THR DEBUG A0778] FINAL RESULT: empOtherIncomes=0 entries
[THR DEBUG A0778] FINAL: getOiByType('THR')=0, taxable=0
[PayrollRoutes] /report/division-raw-tree RESULT | data_rows=27 gangs=2 | gangPrefix=undefined
[PayrollRoutes] division-raw-tree: division=INFRA, month=6, year=2026, gangPrefix=none
[PayrollRoutes] division-raw-tree: data_rows count=27, gangs count=2
[PayrollRoutes] division-raw-tree: dynamic_premi=3, dynamic_pot=0
[PayrollRoutes] division-raw-tree: returning response with 2 gangs
[PayrollRoutes] /report/division-raw-tree | div=AREC month=6 year=2026 gangPrefix=none valuePriorityMode=non_db_ptrj DB_PROFILE=SERVER_PROFILE_2 useHistory=false RUN_MODE=prod
[GangService] fetchGangs triggered - Div: AREC, Search: undefined, Profile: SERVER_PROFILE_2, DB: db_ptrj
[DivisionConfigService] getGangsForDivision (Enhanced): AREC, resolved: ARC, type: real
[DivisionConfigService] Discovery complete for ARC: Unique=18
[GangService] divisionConfigService returned 18 gangs for AREC
[GangService] Returning 18 gangs.
[DataExtractor] allGangs.length=18, divisionCode=AREC, gangCode=ALL
--- REFLI VERSION 1.1.0 ---
[DataExtractor] Division: AREC, isVirtual: false, allGangs: 18
[DataExtractor] Final gangCondition: ((UPPER(RTRIM(g.LocCode)) IN ('ARC','AREC')) OR UPPER(RTRIM(gl.GangCode)) IN ('J1H','J1M','J1P','J1T','J1U','J2H','J2M','J2P','J2T','J3H','J3M','J3P','J3T','J3U','J4H','J4M','J4P','J4T')) AND NOT ((gl.GangCode IN ('INF','INT','AMC','HMC','B2N') OR gl.GangCode LIKE 'IN%' OR gl.GangCode LIKE 'INT%' OR gl.GangCode LIKE 'AMC%' OR gl.GangCode LIKE 'HMC%' OR gl.GangCode LIKE 'B2N%' OR gl.GangCode LIKE 'M%') OR COALESCE(g.Description, '') LIKE '%INFRA%' OR COALESCE(g.Description, '') LIKE '%WORKSHOP%' OR COALESCE(g.Description, '') LIKE '%NURSERY%' OR COALESCE(g.Description, '') LIKE '%MEC%' OR COALESCE(g.Description, '') LIKE '%MECHANIC%' OR COALESCE(g.Description, '') LIKE '%PKS%' OR COALESCE(g.Description, '') LIKE '%MILL%' OR COALESCE(g.Description, '') LIKE '%TRAKSI%')
[DataExtractor.getEmployees] isHistorical=false, gangCondition=((UPPER(RTRIM(g.LocCode)) IN ('ARC','AREC')) OR UPPER(RTRIM(gl.GangCode)) IN ('J1H','J1M','J1P','J1T','J1U','J2H','J2M','J2P','J2T','J3H','J3M','J3P','J3T','J3U','J4H','J4M','J4P','J4T')) AND NOT ((gl.GangCode IN ('INF','INT','AMC','HMC','B2N') OR gl.GangCode LIKE 'IN%' OR gl.GangCode LIKE 'INT%' OR gl.GangCode LIKE 'AMC%' OR gl.GangCode LIKE 'HMC%' OR gl.GangCode LIKE 'B2N%' OR gl.GangCode LIKE 'M%') OR COALESCE(g.Description, '') LIKE '%INFRA%' OR COALESCE(g.Description, '') LIKE '%WORKSHOP%' OR COALESCE(g.Description, '') LIKE '%NURSERY%' OR COALESCE(g.Description, '') LIKE '%MEC%' OR COALESCE(g.Description, '') LIKE '%MECHANIC%' OR COALESCE(g.Description, '') LIKE '%PKS%' OR COALESCE(g.Description, '') LIKE '%MILL%' OR COALESCE(g.Description, '') LIKE '%TRAKSI%')
[DataExtractor] Live active query returned 274 rows
[DataExtractor] De-duplicated results to 274 unique employees
[EmployeeEstateService] Final maps: empcodeMap=274, nikMap=273
[EmployeeEstateService] Final maps: empcodeMap=274, nikMap=273
[PtkpTaxService] Table history_ptkp_pajak assumed to exist (pre-created)
[PayrollRoutes] /report/division-raw-tree RESULT | data_rows=274 gangs=12 | gangPrefix=undefined
[PayrollRoutes] division-raw-tree: division=AREC, month=6, year=2026, gangPrefix=none
[PayrollRoutes] division-raw-tree: data_rows count=274, gangs count=12
[PayrollRoutes] division-raw-tree: dynamic_premi=12, dynamic_pot=3
[PayrollRoutes] division-raw-tree: returning response with 12 gangs
[PayrollRoutes] /report/division-raw-tree | div=IJL month=6 year=2026 gangPrefix=none valuePriorityMode=non_db_ptrj DB_PROFILE=SERVER_PROFILE_2 useHistory=false RUN_MODE=prod
[GangService] fetchGangs triggered - Div: IJL, Search: undefined, Profile: SERVER_PROFILE_2, DB: db_ptrj
[DivisionConfigService] getGangsForDivision (Enhanced): IJL, resolved: IJL, type: real
[DivisionConfigService] Discovery complete for IJL: Unique=3
[GangService] divisionConfigService returned 3 gangs for IJL
[GangService] Returning 3 gangs.
[DataExtractor] allGangs.length=3, divisionCode=IJL, gangCode=ALL
--- REFLI VERSION 1.1.0 ---
[DataExtractor] Division: IJL, isVirtual: false, allGangs: 3
[DataExtractor] Final gangCondition: ((UPPER(RTRIM(g.LocCode)) IN ('IJL')) OR UPPER(RTRIM(gl.GangCode)) IN ('L1H','L1M','L1T')) AND NOT ((gl.GangCode IN ('INF','INT','AMC','HMC','B2N') OR gl.GangCode LIKE 'IN%' OR gl.GangCode LIKE 'INT%' OR gl.GangCode LIKE 'AMC%' OR gl.GangCode LIKE 'HMC%' OR gl.GangCode LIKE 'B2N%' OR gl.GangCode LIKE 'M%') OR COALESCE(g.Description, '') LIKE '%INFRA%' OR COALESCE(g.Description, '') LIKE '%WORKSHOP%' OR COALESCE(g.Description, '') LIKE '%NURSERY%' OR COALESCE(g.Description, '') LIKE '%MEC%' OR COALESCE(g.Description, '') LIKE '%MECHANIC%' OR COALESCE(g.Description, '') LIKE '%PKS%' OR COALESCE(g.Description, '') LIKE '%MILL%' OR COALESCE(g.Description, '') LIKE '%TRAKSI%')
[DataExtractor.getEmployees] isHistorical=false, gangCondition=((UPPER(RTRIM(g.LocCode)) IN ('IJL')) OR UPPER(RTRIM(gl.GangCode)) IN ('L1H','L1M','L1T')) AND NOT ((gl.GangCode IN ('INF','INT','AMC','HMC','B2N') OR gl.GangCode LIKE 'IN%' OR gl.GangCode LIKE 'INT%' OR gl.GangCode LIKE 'AMC%' OR gl.GangCode LIKE 'HMC%' OR gl.GangCode LIKE 'B2N%' OR gl.GangCode LIKE 'M%') OR COALESCE(g.Description, '') LIKE '%INFRA%' OR COALESCE(g.Description, '') LIKE '%WORKSHOP%' OR COALESCE(g.Description, '') LIKE '%NURSERY%' OR COALESCE(g.Description, '') LIKE '%MEC%' OR COALESCE(g.Description, '') LIKE '%MECHANIC%' OR COALESCE(g.Description, '') LIKE '%PKS%' OR COALESCE(g.Description, '') LIKE '%MILL%' OR COALESCE(g.Description, '') LIKE '%TRAKSI%')
[DataExtractor] Live active query returned 47 rows
[DataExtractor] De-duplicated results to 47 unique employees
[EmployeeEstateService] Final maps: empcodeMap=46, nikMap=46
[EmployeeEstateService] Final maps: empcodeMap=43, nikMap=43
[PtkpTaxService] Table history_ptkp_pajak assumed to exist (pre-created)
[PayrollRoutes] /report/division-raw-tree RESULT | data_rows=44 gangs=3 | gangPrefix=undefined
[PayrollRoutes] division-raw-tree: division=IJL, month=6, year=2026, gangPrefix=none
[PayrollRoutes] division-raw-tree: data_rows count=44, gangs count=3
[PayrollRoutes] division-raw-tree: dynamic_premi=6, dynamic_pot=0
[PayrollRoutes] division-raw-tree: returning response with 3 gangs
[PayrollRoutes] /report/division-raw-tree | div=PG1A month=6 year=2026 gangPrefix=none valuePriorityMode=db_ptrj_only DB_PROFILE=SERVER_PROFILE_2 useHistory=false RUN_MODE=prod
[GangService] fetchGangs triggered - Div: PG1A, Search: undefined, Profile: SERVER_PROFILE_2, DB: db_ptrj
[DivisionConfigService] getGangsForDivision (Enhanced): PG1A, resolved: PG1A, type: real
[DivisionConfigService] Discovery complete for PG1A: Unique=20
[GangService] divisionConfigService returned 14 gangs for PG1A
[GangService] Returning 14 gangs.
[DataExtractor] allGangs.length=14, divisionCode=PG1A, gangCode=ALL
--- REFLI VERSION 1.1.0 ---
[DataExtractor] Division: PG1A, isVirtual: false, allGangs: 14
[DataExtractor] Final gangCondition: ((UPPER(RTRIM(g.LocCode)) IN ('PG1A','P1A')) OR UPPER(RTRIM(gl.GangCode)) IN ('A1H','A1M','A1P','A1T','A2H','A2M','A2N','A2P','A2T','A3H','A3M','A3P','A3T','F1BHL')) AND NOT ((gl.GangCode IN ('INF','INT','AMC','HMC','B2N') OR gl.GangCode LIKE 'IN%' OR gl.GangCode LIKE 'INT%' OR gl.GangCode LIKE 'AMC%' OR gl.GangCode LIKE 'HMC%' OR gl.GangCode LIKE 'B2N%' OR gl.GangCode LIKE 'M%') OR COALESCE(g.Description, '') LIKE '%INFRA%' OR COALESCE(g.Description, '') LIKE '%WORKSHOP%' OR COALESCE(g.Description, '') LIKE '%NURSERY%' OR COALESCE(g.Description, '') LIKE '%MEC%' OR COALESCE(g.Description, '') LIKE '%MECHANIC%' OR COALESCE(g.Description, '') LIKE '%PKS%' OR COALESCE(g.Description, '') LIKE '%MILL%' OR COALESCE(g.Description, '') LIKE '%TRAKSI%')
[DataExtractor.getEmployees] isHistorical=false, gangCondition=((UPPER(RTRIM(g.LocCode)) IN ('PG1A','P1A')) OR UPPER(RTRIM(gl.GangCode)) IN ('A1H','A1M','A1P','A1T','A2H','A2M','A2N','A2P','A2T','A3H','A3M','A3P','A3T','F1BHL')) AND NOT ((gl.GangCode IN ('INF','INT','AMC','HMC','B2N') OR gl.GangCode LIKE 'IN%' OR gl.GangCode LIKE 'INT%' OR gl.GangCode LIKE 'AMC%' OR gl.GangCode LIKE 'HMC%' OR gl.GangCode LIKE 'B2N%' OR gl.GangCode LIKE 'M%') OR COALESCE(g.Description, '') LIKE '%INFRA%' OR COALESCE(g.Description, '') LIKE '%WORKSHOP%' OR COALESCE(g.Description, '') LIKE '%NURSERY%' OR COALESCE(g.Description, '') LIKE '%MEC%' OR COALESCE(g.Description, '') LIKE '%MECHANIC%' OR COALESCE(g.Description, '') LIKE '%PKS%' OR COALESCE(g.Description, '') LIKE '%MILL%' OR COALESCE(g.Description, '') LIKE '%TRAKSI%')
[DataExtractor] Live active query returned 188 rows
[DataExtractor] De-duplicated results to 188 unique employees
[EmployeeEstateService] Final maps: empcodeMap=178, nikMap=178
[EmployeeEstateService] Final maps: empcodeMap=178, nikMap=178
[PtkpTaxService] Table history_ptkp_pajak assumed to exist (pre-created)
[EmployeeEstateService] Final maps: empcodeMap=89, nikMap=89
[PayrollRoutes] /report/division-raw-tree RESULT | data_rows=187 gangs=10 | gangPrefix=undefined
[PayrollRoutes] division-raw-tree: division=PG1A, month=6, year=2026, gangPrefix=none
[PayrollRoutes] division-raw-tree: data_rows count=187, gangs count=10
[PayrollRoutes] division-raw-tree: dynamic_premi=12, dynamic_pot=2
[PayrollRoutes] division-raw-tree: returning response with 10 gangs
[PayrollRoutes] /report/division-raw-tree | div=PG1B month=6 year=2026 gangPrefix=none valuePriorityMode=db_ptrj_only DB_PROFILE=SERVER_PROFILE_2 useHistory=false RUN_MODE=prod
[GangService] fetchGangs triggered - Div: PG1B, Search: undefined, Profile: SERVER_PROFILE_2, DB: db_ptrj
[DivisionConfigService] getGangsForDivision (Enhanced): PG1B, resolved: PG1B, type: real
[DivisionConfigService] Discovery complete for PG1B: Unique=18
[GangService] divisionConfigService returned 17 gangs for PG1B
[GangService] Returning 17 gangs.
[DataExtractor] allGangs.length=17, divisionCode=PG1B, gangCode=ALL
--- REFLI VERSION 1.1.0 ---
[DataExtractor] Division: PG1B, isVirtual: false, allGangs: 17
[DataExtractor] Final gangCondition: ((UPPER(RTRIM(g.LocCode)) IN ('PG1B','P1B')) OR UPPER(RTRIM(gl.GangCode)) IN ('B1B','B1H','B1M','B1P','B1T','B2H','B2M','B2P','B2T','B3A','B3B','B3H','B3M','B3P','B3T','BIBITAN','PB3')) AND NOT ((gl.GangCode IN ('INF','INT','AMC','HMC','B2N') OR gl.GangCode LIKE 'IN%' OR gl.GangCode LIKE 'INT%' OR gl.GangCode LIKE 'AMC%' OR gl.GangCode LIKE 'HMC%' OR gl.GangCode LIKE 'B2N%' OR gl.GangCode LIKE 'M%') OR COALESCE(g.Description, '') LIKE '%INFRA%' OR COALESCE(g.Description, '') LIKE '%WORKSHOP%' OR COALESCE(g.Description, '') LIKE '%NURSERY%' OR COALESCE(g.Description, '') LIKE '%MEC%' OR COALESCE(g.Description, '') LIKE '%MECHANIC%' OR COALESCE(g.Description, '') LIKE '%PKS%' OR COALESCE(g.Description, '') LIKE '%MILL%' OR COALESCE(g.Description, '') LIKE '%TRAKSI%')
[DataExtractor.getEmployees] isHistorical=false, gangCondition=((UPPER(RTRIM(g.LocCode)) IN ('PG1B','P1B')) OR UPPER(RTRIM(gl.GangCode)) IN ('B1B','B1H','B1M','B1P','B1T','B2H','B2M','B2P','B2T','B3A','B3B','B3H','B3M','B3P','B3T','BIBITAN','PB3')) AND NOT ((gl.GangCode IN ('INF','INT','AMC','HMC','B2N') OR gl.GangCode LIKE 'IN%' OR gl.GangCode LIKE 'INT%' OR gl.GangCode LIKE 'AMC%' OR gl.GangCode LIKE 'HMC%' OR gl.GangCode LIKE 'B2N%' OR gl.GangCode LIKE 'M%') OR COALESCE(g.Description, '') LIKE '%INFRA%' OR COALESCE(g.Description, '') LIKE '%WORKSHOP%' OR COALESCE(g.Description, '') LIKE '%NURSERY%' OR COALESCE(g.Description, '') LIKE '%MEC%' OR COALESCE(g.Description, '') LIKE '%MECHANIC%' OR COALESCE(g.Description, '') LIKE '%PKS%' OR COALESCE(g.Description, '') LIKE '%MILL%' OR COALESCE(g.Description, '') LIKE '%TRAKSI%')
[DataExtractor] Live active query returned 179 rows
[DataExtractor] De-duplicated results to 179 unique employees
[EmployeeEstateService] Final maps: empcodeMap=179, nikMap=179
[EmployeeEstateService] Final maps: empcodeMap=179, nikMap=179
[PtkpTaxService] Table history_ptkp_pajak assumed to exist (pre-created)
[PayrollRoutes] /report/division-raw-tree RESULT | data_rows=179 gangs=6 | gangPrefix=undefined
[PayrollRoutes] division-raw-tree: division=PG1B, month=6, year=2026, gangPrefix=none
[PayrollRoutes] division-raw-tree: data_rows count=179, gangs count=6
[PayrollRoutes] division-raw-tree: dynamic_premi=10, dynamic_pot=1
[PayrollRoutes] division-raw-tree: returning response with 6 gangs
[PayrollRoutes] /report/division-raw-tree | div=PG2A month=6 year=2026 gangPrefix=none valuePriorityMode=db_ptrj_only DB_PROFILE=SERVER_PROFILE_2 useHistory=false RUN_MODE=prod
[GangService] fetchGangs triggered - Div: PG2A, Search: undefined, Profile: SERVER_PROFILE_2, DB: db_ptrj
[DivisionConfigService] getGangsForDivision (Enhanced): PG2A, resolved: PG2A, type: real
[DivisionConfigService] Discovery complete for PG2A: Unique=15
[GangService] divisionConfigService returned 15 gangs for PG2A
[GangService] Returning 15 gangs.
[DataExtractor] allGangs.length=15, divisionCode=PG2A, gangCode=ALL
--- REFLI VERSION 1.1.0 ---
[DataExtractor] Division: PG2A, isVirtual: false, allGangs: 15
[DataExtractor] Final gangCondition: ((UPPER(RTRIM(g.LocCode)) IN ('PG2A','P2A')) OR UPPER(RTRIM(gl.GangCode)) IN ('C1B','C1H','C1HP','C1M','C1P','C1T','C2B','C2H','C2M','C2P','C2T','C3H','C3M','C3P','C3T')) AND NOT ((gl.GangCode IN ('INF','INT','AMC','HMC','B2N') OR gl.GangCode LIKE 'IN%' OR gl.GangCode LIKE 'INT%' OR gl.GangCode LIKE 'AMC%' OR gl.GangCode LIKE 'HMC%' OR gl.GangCode LIKE 'B2N%' OR gl.GangCode LIKE 'M%') OR COALESCE(g.Description, '') LIKE '%INFRA%' OR COALESCE(g.Description, '') LIKE '%WORKSHOP%' OR COALESCE(g.Description, '') LIKE '%NURSERY%' OR COALESCE(g.Description, '') LIKE '%MEC%' OR COALESCE(g.Description, '') LIKE '%MECHANIC%' OR COALESCE(g.Description, '') LIKE '%PKS%' OR COALESCE(g.Description, '') LIKE '%MILL%' OR COALESCE(g.Description, '') LIKE '%TRAKSI%')
[DataExtractor.getEmployees] isHistorical=false, gangCondition=((UPPER(RTRIM(g.LocCode)) IN ('PG2A','P2A')) OR UPPER(RTRIM(gl.GangCode)) IN ('C1B','C1H','C1HP','C1M','C1P','C1T','C2B','C2H','C2M','C2P','C2T','C3H','C3M','C3P','C3T')) AND NOT ((gl.GangCode IN ('INF','INT','AMC','HMC','B2N') OR gl.GangCode LIKE 'IN%' OR gl.GangCode LIKE 'INT%' OR gl.GangCode LIKE 'AMC%' OR gl.GangCode LIKE 'HMC%' OR gl.GangCode LIKE 'B2N%' OR gl.GangCode LIKE 'M%') OR COALESCE(g.Description, '') LIKE '%INFRA%' OR COALESCE(g.Description, '') LIKE '%WORKSHOP%' OR COALESCE(g.Description, '') LIKE '%NURSERY%' OR COALESCE(g.Description, '') LIKE '%MEC%' OR COALESCE(g.Description, '') LIKE '%MECHANIC%' OR COALESCE(g.Description, '') LIKE '%PKS%' OR COALESCE(g.Description, '') LIKE '%MILL%' OR COALESCE(g.Description, '') LIKE '%TRAKSI%')
[DataExtractor] Live active query returned 177 rows
[DataExtractor] De-duplicated results to 177 unique employees
[EmployeeEstateService] Final maps: empcodeMap=174, nikMap=174
[EmployeeEstateService] Final maps: empcodeMap=173, nikMap=173
[PtkpTaxService] Table history_ptkp_pajak assumed to exist (pre-created)
[PayrollRoutes] /report/division-raw-tree RESULT | data_rows=176 gangs=12 | gangPrefix=undefined
[PayrollRoutes] division-raw-tree: division=PG2A, month=6, year=2026, gangPrefix=none
[PayrollRoutes] division-raw-tree: data_rows count=176, gangs count=12
[PayrollRoutes] division-raw-tree: dynamic_premi=12, dynamic_pot=4
[PayrollRoutes] division-raw-tree: returning response with 12 gangs
[PayrollRoutes] /report/division-raw-tree | div=PG2B month=6 year=2026 gangPrefix=none valuePriorityMode=db_ptrj_only DB_PROFILE=SERVER_PROFILE_2 useHistory=false RUN_MODE=prod
[GangService] fetchGangs triggered - Div: PG2B, Search: undefined, Profile: SERVER_PROFILE_2, DB: db_ptrj
[DivisionConfigService] getGangsForDivision (Enhanced): PG2B, resolved: PG2B, type: real
[DivisionConfigService] Discovery complete for PG2B: Unique=10
[GangService] divisionConfigService returned 10 gangs for PG2B
[GangService] Returning 10 gangs.
[DataExtractor] allGangs.length=10, divisionCode=PG2B, gangCode=ALL
--- REFLI VERSION 1.1.0 ---
[DataExtractor] Division: PG2B, isVirtual: false, allGangs: 10
[DataExtractor] Final gangCondition: ((UPPER(RTRIM(g.LocCode)) IN ('PG2B','P2B')) OR UPPER(RTRIM(gl.GangCode)) IN ('D1H','D1M','D1P','D1T','D2B','D2H','D2M','D2P','D2T','K2H')) AND NOT ((gl.GangCode IN ('INF','INT','AMC','HMC','B2N') OR gl.GangCode LIKE 'IN%' OR gl.GangCode LIKE 'INT%' OR gl.GangCode LIKE 'AMC%' OR gl.GangCode LIKE 'HMC%' OR gl.GangCode LIKE 'B2N%' OR gl.GangCode LIKE 'M%') OR COALESCE(g.Description, '') LIKE '%INFRA%' OR COALESCE(g.Description, '') LIKE '%WORKSHOP%' OR COALESCE(g.Description, '') LIKE '%NURSERY%' OR COALESCE(g.Description, '') LIKE '%MEC%' OR COALESCE(g.Description, '') LIKE '%MECHANIC%' OR COALESCE(g.Description, '') LIKE '%PKS%' OR COALESCE(g.Description, '') LIKE '%MILL%' OR COALESCE(g.Description, '') LIKE '%TRAKSI%')
[DataExtractor.getEmployees] isHistorical=false, gangCondition=((UPPER(RTRIM(g.LocCode)) IN ('PG2B','P2B')) OR UPPER(RTRIM(gl.GangCode)) IN ('D1H','D1M','D1P','D1T','D2B','D2H','D2M','D2P','D2T','K2H')) AND NOT ((gl.GangCode IN ('INF','INT','AMC','HMC','B2N') OR gl.GangCode LIKE 'IN%' OR gl.GangCode LIKE 'INT%' OR gl.GangCode LIKE 'AMC%' OR gl.GangCode LIKE 'HMC%' OR gl.GangCode LIKE 'B2N%' OR gl.GangCode LIKE 'M%') OR COALESCE(g.Description, '') LIKE '%INFRA%' OR COALESCE(g.Description, '') LIKE '%WORKSHOP%' OR COALESCE(g.Description, '') LIKE '%NURSERY%' OR COALESCE(g.Description, '') LIKE '%MEC%' OR COALESCE(g.Description, '') LIKE '%MECHANIC%' OR COALESCE(g.Description, '') LIKE '%PKS%' OR COALESCE(g.Description, '') LIKE '%MILL%' OR COALESCE(g.Description, '') LIKE '%TRAKSI%')
[DataExtractor] Live active query returned 128 rows
[DataExtractor] De-duplicated results to 128 unique employees
[EmployeeEstateService] Final maps: empcodeMap=123, nikMap=123
[EmployeeEstateService] Final maps: empcodeMap=122, nikMap=122
[PtkpTaxService] Table history_ptkp_pajak assumed to exist (pre-created)
[PayrollRoutes] /report/division-raw-tree RESULT | data_rows=125 gangs=9 | gangPrefix=undefined
[PayrollRoutes] division-raw-tree: division=PG2B, month=6, year=2026, gangPrefix=none
[PayrollRoutes] division-raw-tree: data_rows count=125, gangs count=9
[PayrollRoutes] division-raw-tree: dynamic_premi=11, dynamic_pot=6
[PayrollRoutes] division-raw-tree: returning response with 9 gangs
[PayrollRoutes] /report/division-raw-tree | div=DME month=6 year=2026 gangPrefix=none valuePriorityMode=db_ptrj_only DB_PROFILE=SERVER_PROFILE_2 useHistory=false RUN_MODE=prod
[GangService] fetchGangs triggered - Div: DME, Search: undefined, Profile: SERVER_PROFILE_2, DB: db_ptrj
[DivisionConfigService] getGangsForDivision (Enhanced): DME, resolved: DME, type: real
[DivisionConfigService] Discovery complete for DME: Unique=12
[GangService] divisionConfigService returned 12 gangs for DME
[GangService] Returning 12 gangs.
[DataExtractor] allGangs.length=12, divisionCode=DME, gangCode=ALL
--- REFLI VERSION 1.1.0 ---
[DataExtractor] Division: DME, isVirtual: false, allGangs: 12
[DataExtractor] Final gangCondition: ((UPPER(RTRIM(g.LocCode)) IN ('DME')) OR UPPER(RTRIM(gl.GangCode)) IN ('E1H','E1M','E1P','E1T','E2H','E2M','E2P','E2T','E3H','E3M','E3P','E3T')) AND NOT ((gl.GangCode IN ('INF','INT','AMC','HMC','B2N') OR gl.GangCode LIKE 'IN%' OR gl.GangCode LIKE 'INT%' OR gl.GangCode LIKE 'AMC%' OR gl.GangCode LIKE 'HMC%' OR gl.GangCode LIKE 'B2N%' OR gl.GangCode LIKE 'M%') OR COALESCE(g.Description, '') LIKE '%INFRA%' OR COALESCE(g.Description, '') LIKE '%WORKSHOP%' OR COALESCE(g.Description, '') LIKE '%NURSERY%' OR COALESCE(g.Description, '') LIKE '%MEC%' OR COALESCE(g.Description, '') LIKE '%MECHANIC%' OR COALESCE(g.Description, '') LIKE '%PKS%' OR COALESCE(g.Description, '') LIKE '%MILL%' OR COALESCE(g.Description, '') LIKE '%TRAKSI%')
[DataExtractor.getEmployees] isHistorical=false, gangCondition=((UPPER(RTRIM(g.LocCode)) IN ('DME')) OR UPPER(RTRIM(gl.GangCode)) IN ('E1H','E1M','E1P','E1T','E2H','E2M','E2P','E2T','E3H','E3M','E3P','E3T')) AND NOT ((gl.GangCode IN ('INF','INT','AMC','HMC','B2N') OR gl.GangCode LIKE 'IN%' OR gl.GangCode LIKE 'INT%' OR gl.GangCode LIKE 'AMC%' OR gl.GangCode LIKE 'HMC%' OR gl.GangCode LIKE 'B2N%' OR gl.GangCode LIKE 'M%') OR COALESCE(g.Description, '') LIKE '%INFRA%' OR COALESCE(g.Description, '') LIKE '%WORKSHOP%' OR COALESCE(g.Description, '') LIKE '%NURSERY%' OR COALESCE(g.Description, '') LIKE '%MEC%' OR COALESCE(g.Description, '') LIKE '%MECHANIC%' OR COALESCE(g.Description, '') LIKE '%PKS%' OR COALESCE(g.Description, '') LIKE '%MILL%' OR COALESCE(g.Description, '') LIKE '%TRAKSI%')
[DataExtractor] Live active query returned 246 rows
[DataExtractor] De-duplicated results to 246 unique employees
[EmployeeEstateService] Final maps: empcodeMap=200, nikMap=200
[EmployeeEstateService] Final maps: empcodeMap=187, nikMap=187
[PtkpTaxService] Table history_ptkp_pajak assumed to exist (pre-created)
[PayrollRoutes] /report/division-raw-tree RESULT | data_rows=187 gangs=12 | gangPrefix=undefined
[PayrollRoutes] division-raw-tree: division=DME, month=6, year=2026, gangPrefix=none
[PayrollRoutes] division-raw-tree: data_rows count=187, gangs count=12
[PayrollRoutes] division-raw-tree: dynamic_premi=10, dynamic_pot=1
[PayrollRoutes] division-raw-tree: returning response with 12 gangs
[PayrollRoutes] /report/division-raw-tree | div=ARA month=6 year=2026 gangPrefix=none valuePriorityMode=db_ptrj_only DB_PROFILE=SERVER_PROFILE_2 useHistory=false RUN_MODE=prod
[GangService] fetchGangs triggered - Div: ARA, Search: undefined, Profile: SERVER_PROFILE_2, DB: db_ptrj
[DivisionConfigService] getGangsForDivision (Enhanced): ARA, resolved: ARA, type: real
[DivisionConfigService] Discovery complete for ARA: Unique=12
[GangService] divisionConfigService returned 11 gangs for ARA
[GangService] Returning 11 gangs.
[DataExtractor] allGangs.length=11, divisionCode=ARA, gangCode=ALL
--- REFLI VERSION 1.1.0 ---
[DataExtractor] Division: ARA, isVirtual: false, allGangs: 11
[DataExtractor] Final gangCondition: ((UPPER(RTRIM(g.LocCode)) IN ('ARA')) OR UPPER(RTRIM(gl.GangCode)) IN ('F1','F1C','F1H','F1M','F1P','F1T','F2','F2H','F2M','F2P','F2T')) AND NOT ((gl.GangCode IN ('INF','INT','AMC','HMC','B2N') OR gl.GangCode LIKE 'IN%' OR gl.GangCode LIKE 'INT%' OR gl.GangCode LIKE 'AMC%' OR gl.GangCode LIKE 'HMC%' OR gl.GangCode LIKE 'B2N%' OR gl.GangCode LIKE 'M%') OR COALESCE(g.Description, '') LIKE '%INFRA%' OR COALESCE(g.Description, '') LIKE '%WORKSHOP%' OR COALESCE(g.Description, '') LIKE '%NURSERY%' OR COALESCE(g.Description, '') LIKE '%MEC%' OR COALESCE(g.Description, '') LIKE '%MECHANIC%' OR COALESCE(g.Description, '') LIKE '%PKS%' OR COALESCE(g.Description, '') LIKE '%MILL%' OR COALESCE(g.Description, '') LIKE '%TRAKSI%')
[DataExtractor.getEmployees] isHistorical=false, gangCondition=((UPPER(RTRIM(g.LocCode)) IN ('ARA')) OR UPPER(RTRIM(gl.GangCode)) IN ('F1','F1C','F1H','F1M','F1P','F1T','F2','F2H','F2M','F2P','F2T')) AND NOT ((gl.GangCode IN ('INF','INT','AMC','HMC','B2N') OR gl.GangCode LIKE 'IN%' OR gl.GangCode LIKE 'INT%' OR gl.GangCode LIKE 'AMC%' OR gl.GangCode LIKE 'HMC%' OR gl.GangCode LIKE 'B2N%' OR gl.GangCode LIKE 'M%') OR COALESCE(g.Description, '') LIKE '%INFRA%' OR COALESCE(g.Description, '') LIKE '%WORKSHOP%' OR COALESCE(g.Description, '') LIKE '%NURSERY%' OR COALESCE(g.Description, '') LIKE '%MEC%' OR COALESCE(g.Description, '') LIKE '%MECHANIC%' OR COALESCE(g.Description, '') LIKE '%PKS%' OR COALESCE(g.Description, '') LIKE '%MILL%' OR COALESCE(g.Description, '') LIKE '%TRAKSI%')
[DataExtractor] Live active query returned 183 rows
[DataExtractor] De-duplicated results to 183 unique employees
[EmployeeEstateService] Final maps: empcodeMap=157, nikMap=157
[EmployeeEstateService] Final maps: empcodeMap=142, nikMap=142
[PtkpTaxService] Table history_ptkp_pajak assumed to exist (pre-created)
[AuthService] Verifying token. Token starts with: eyJhbGciOi...
[AuthService] Verifying token. Token starts with: eyJhbGciOi...
[AuthService] External token verified.
[AuthService] Creating transient user from external token. ID: 8, Role: kerani
[AuthService] Transient Divisions extracted: ["ARB2"]
[AuthService] External token verified.
[AuthService] Creating transient user from external token. ID: 8, Role: kerani
[AuthService] Transient Divisions extracted: ["ARB2"]
[AuthService] Verifying token. Token starts with: eyJhbGciOi...
[AuthService] External token verified.
[AuthService] Creating transient user from external token. ID: 8, Role: kerani
[AuthService] Transient Divisions extracted: ["ARB2"]
[GangService] fetchGangs triggered - Div: ARB2, Search: undefined, Profile: SERVER_PROFILE_2, DB: db_ptrj
[DivisionConfigService] getGangsForDivision (Enhanced): ARB2, resolved: AB2, type: real
[DivisionConfigService] Discovery complete for AB2: Unique=11
[GangService] divisionConfigService returned 10 gangs for ARB2
[GangService] Returning 10 gangs.
[PayrollRoutes] /report/division-raw-tree RESULT | data_rows=142 gangs=8 | gangPrefix=undefined
[PayrollRoutes] division-raw-tree: division=ARA, month=6, year=2026, gangPrefix=none
[PayrollRoutes] division-raw-tree: data_rows count=142, gangs count=8
[PayrollRoutes] division-raw-tree: dynamic_premi=6, dynamic_pot=3
[PayrollRoutes] division-raw-tree: returning response with 8 gangs
[AuthService] Verifying token. Token starts with: eyJhbGciOi...
[AuthService] External token verified.
[AuthService] Creating transient user from external token. ID: 8, Role: kerani
[AuthService] Transient Divisions extracted: ["ARB2"]
[Stream] Starting progressive | div=ARB2 month=6 year=2026 gangCode=H1H valuePriorityMode=non_db_ptrj useHistory=false
[GangService] fetchGangs triggered - Div: ARB2, Search: undefined, Profile: SERVER_PROFILE_2, DB: db_ptrj
[DivisionConfigService] getGangsForDivision (Enhanced): ARB2, resolved: AB2, type: real
[DivisionConfigService] Discovery complete for AB2: Unique=11
[GangService] divisionConfigService returned 10 gangs for ARB2
[GangService] Returning 10 gangs.
[DataExtractor.getEmployees] isHistorical=false, gangCondition=(UPPER(RTRIM(gl.GangCode)) = 'H1H' OR UPPER(RTRIM(g.GangCode)) = 'H1H' OR UPPER(RTRIM(g.Description)) = 'H1H')
[PayrollRoutes] /report/division-raw-tree | div=ARB1 month=6 year=2026 gangPrefix=none valuePriorityMode=db_ptrj_only DB_PROFILE=SERVER_PROFILE_2 useHistory=false RUN_MODE=prod
[GangService] fetchGangs triggered - Div: ARB1, Search: undefined, Profile: SERVER_PROFILE_2, DB: db_ptrj
[DivisionConfigService] getGangsForDivision (Enhanced): ARB1, resolved: AB1, type: real
[DivisionConfigService] Discovery complete for AB1: Unique=8
[GangService] divisionConfigService returned 8 gangs for ARB1
[GangService] Returning 8 gangs.
[DataExtractor] allGangs.length=8, divisionCode=ARB1, gangCode=ALL
--- REFLI VERSION 1.1.0 ---
[DataExtractor] Division: ARB1, isVirtual: false, allGangs: 8
[DataExtractor] Final gangCondition: ((UPPER(RTRIM(g.LocCode)) IN ('AB1','ARB1')) OR UPPER(RTRIM(gl.GangCode)) IN ('G1H','G1M','G1P','G1T','G2H','G2M','G2P','G2T')) AND NOT ((gl.GangCode IN ('INF','INT','AMC','HMC','B2N') OR gl.GangCode LIKE 'IN%' OR gl.GangCode LIKE 'INT%' OR gl.GangCode LIKE 'AMC%' OR gl.GangCode LIKE 'HMC%' OR gl.GangCode LIKE 'B2N%' OR gl.GangCode LIKE 'M%') OR COALESCE(g.Description, '') LIKE '%INFRA%' OR COALESCE(g.Description, '') LIKE '%WORKSHOP%' OR COALESCE(g.Description, '') LIKE '%NURSERY%' OR COALESCE(g.Description, '') LIKE '%MEC%' OR COALESCE(g.Description, '') LIKE '%MECHANIC%' OR COALESCE(g.Description, '') LIKE '%PKS%' OR COALESCE(g.Description, '') LIKE '%MILL%' OR COALESCE(g.Description, '') LIKE '%TRAKSI%')
[DataExtractor.getEmployees] isHistorical=false, gangCondition=((UPPER(RTRIM(g.LocCode)) IN ('AB1','ARB1')) OR UPPER(RTRIM(gl.GangCode)) IN ('G1H','G1M','G1P','G1T','G2H','G2M','G2P','G2T')) AND NOT ((gl.GangCode IN ('INF','INT','AMC','HMC','B2N') OR gl.GangCode LIKE 'IN%' OR gl.GangCode LIKE 'INT%' OR gl.GangCode LIKE 'AMC%' OR gl.GangCode LIKE 'HMC%' OR gl.GangCode LIKE 'B2N%' OR gl.GangCode LIKE 'M%') OR COALESCE(g.Description, '') LIKE '%INFRA%' OR COALESCE(g.Description, '') LIKE '%WORKSHOP%' OR COALESCE(g.Description, '') LIKE '%NURSERY%' OR COALESCE(g.Description, '') LIKE '%MEC%' OR COALESCE(g.Description, '') LIKE '%MECHANIC%' OR COALESCE(g.Description, '') LIKE '%PKS%' OR COALESCE(g.Description, '') LIKE '%MILL%' OR COALESCE(g.Description, '') LIKE '%TRAKSI%')
[AuthService] Verifying token. Token starts with: eyJhbGciOi...
[AuthService] External token verified.
[AuthService] Creating transient user from external token. ID: 8, Role: kerani
[AuthService] Transient Divisions extracted: ["ARB2"]
[DataExtractor] Live active query returned 20 rows
[DataExtractor] De-duplicated results to 20 unique employees
[DataExtractor] Live active query returned 138 rows
[DataExtractor] De-duplicated results to 138 unique employees
[EmployeeEstateService] Final maps: empcodeMap=20, nikMap=20
[Stream] Phase identity: Loaded 20 employees. Fetching attendance...
[EmployeeEstateService] Final maps: empcodeMap=110, nikMap=110
[Stream] Phase attendance: Attendance loaded. Processing overtime...
[Stream] Phase overtime: Overtime loaded. Processing premiums...
[EmployeeEstateService] Final maps: empcodeMap=138, nikMap=138
[EmployeeEstateService] Final maps: empcodeMap=136, nikMap=136
[Stream] Phase premium: Premiums loaded. Calculating final values...
[PtkpTaxService] Table history_ptkp_pajak assumed to exist (pre-created)
[Phase 4b] H0110: Found 1 incomes, total=150000
[Phase 4b] H0123: Found 1 incomes, total=58425
[Phase 4b] H0159: Found 1 incomes, total=200000
[Phase 4b] H0200: Found 1 incomes, total=182050
[Phase 4b] H0202: Found 1 incomes, total=139825
[Phase 4b] H0330: Found 1 incomes, total=350000
[Phase 4b] H0433: Found 1 incomes, total=74350
[Phase 4b] H0446: Found 1 incomes, total=154575
[Phase 4b] H0472: Found 1 incomes, total=103425
[Phase 4b] H0474: Found 1 incomes, total=315700
[Phase 4b] H0476: Found 1 incomes, total=14325
[Phase 4b] H0521: Found 1 incomes, total=96850
[Phase 4b] H0533: Found 1 incomes, total=179275
[Phase 4b] H0534: Found 1 incomes, total=211075
[Phase 4b] H0535: Found 1 incomes, total=176225
[Phase 4b] H0543: Found 1 incomes, total=139775
[Phase 4b] H0549: Found 1 incomes, total=221025
[Phase 4b] H0550: Found 1 incomes, total=244475
[Stream] Phase complete: ✅ Complete! 20 employees in 2.3s
[Stream] ✅ Complete: ✅ Complete! 20 employees in 2.3s
[PtkpTaxService] Table history_ptkp_pajak assumed to exist (pre-created)
[PayrollRoutes] /report/division-raw-tree RESULT | data_rows=136 gangs=8 | gangPrefix=undefined
[PayrollRoutes] division-raw-tree: division=ARB1, month=6, year=2026, gangPrefix=none
[PayrollRoutes] division-raw-tree: data_rows count=136, gangs count=8
[PayrollRoutes] division-raw-tree: dynamic_premi=11, dynamic_pot=4
[PayrollRoutes] division-raw-tree: returning response with 8 gangs
[PayrollRoutes] /report/division-raw-tree | div=ARB2 month=6 year=2026 gangPrefix=none valuePriorityMode=db_ptrj_only DB_PROFILE=SERVER_PROFILE_2 useHistory=false RUN_MODE=prod
[GangService] fetchGangs triggered - Div: ARB2, Search: undefined, Profile: SERVER_PROFILE_2, DB: db_ptrj
[DivisionConfigService] getGangsForDivision (Enhanced): ARB2, resolved: AB2, type: real
[DivisionConfigService] Discovery complete for AB2: Unique=11
[GangService] divisionConfigService returned 10 gangs for ARB2
[GangService] Returning 10 gangs.
[DataExtractor] allGangs.length=10, divisionCode=ARB2, gangCode=ALL
--- REFLI VERSION 1.1.0 ---
[DataExtractor] Division: ARB2, isVirtual: false, allGangs: 10
[DataExtractor] Final gangCondition: ((UPPER(RTRIM(g.LocCode)) IN ('ARB2')) OR UPPER(RTRIM(gl.GangCode)) IN ('H1H','H1HL','H1L','H1M','H1P','H1T','H2H','H2L','H2M','H2T')) AND NOT ((gl.GangCode IN ('INF','INT','AMC','HMC','B2N') OR gl.GangCode LIKE 'IN%' OR gl.GangCode LIKE 'INT%' OR gl.GangCode LIKE 'AMC%' OR gl.GangCode LIKE 'HMC%' OR gl.GangCode LIKE 'B2N%' OR gl.GangCode LIKE 'M%') OR COALESCE(g.Description, '') LIKE '%INFRA%' OR COALESCE(g.Description, '') LIKE '%WORKSHOP%' OR COALESCE(g.Description, '') LIKE '%NURSERY%' OR COALESCE(g.Description, '') LIKE '%MEC%' OR COALESCE(g.Description, '') LIKE '%MECHANIC%' OR COALESCE(g.Description, '') LIKE '%PKS%' OR COALESCE(g.Description, '') LIKE '%MILL%' OR COALESCE(g.Description, '') LIKE '%TRAKSI%')
[DataExtractor.getEmployees] isHistorical=false, gangCondition=((UPPER(RTRIM(g.LocCode)) IN ('ARB2')) OR UPPER(RTRIM(gl.GangCode)) IN ('H1H','H1HL','H1L','H1M','H1P','H1T','H2H','H2L','H2M','H2T')) AND NOT ((gl.GangCode IN ('INF','INT','AMC','HMC','B2N') OR gl.GangCode LIKE 'IN%' OR gl.GangCode LIKE 'INT%' OR gl.GangCode LIKE 'AMC%' OR gl.GangCode LIKE 'HMC%' OR gl.GangCode LIKE 'B2N%' OR gl.GangCode LIKE 'M%') OR COALESCE(g.Description, '') LIKE '%INFRA%' OR COALESCE(g.Description, '') LIKE '%WORKSHOP%' OR COALESCE(g.Description, '') LIKE '%NURSERY%' OR COALESCE(g.Description, '') LIKE '%MEC%' OR COALESCE(g.Description, '') LIKE '%MECHANIC%' OR COALESCE(g.Description, '') LIKE '%PKS%' OR COALESCE(g.Description, '') LIKE '%MILL%' OR COALESCE(g.Description, '') LIKE '%TRAKSI%')
[DataExtractor] Live active query returned 120 rows
[DataExtractor] De-duplicated results to 120 unique employees
[EmployeeEstateService] Final maps: empcodeMap=110, nikMap=110
[EmployeeEstateService] Final maps: empcodeMap=110, nikMap=110
[PtkpTaxService] Table history_ptkp_pajak assumed to exist (pre-created)
[PayrollRoutes] /report/division-raw-tree RESULT | data_rows=120 gangs=8 | gangPrefix=undefined
[PayrollRoutes] division-raw-tree: division=ARB2, month=6, year=2026, gangPrefix=none
[PayrollRoutes] division-raw-tree: data_rows count=120, gangs count=8
[PayrollRoutes] division-raw-tree: dynamic_premi=10, dynamic_pot=3
[PayrollRoutes] division-raw-tree: returning response with 8 gangs
[PayrollRoutes] /report/division-raw-tree | div=INFRA month=6 year=2026 gangPrefix=none valuePriorityMode=db_ptrj_only DB_PROFILE=SERVER_PROFILE_2 useHistory=false RUN_MODE=prod
[GangService] fetchGangs triggered - Div: INFRA, Search: undefined, Profile: SERVER_PROFILE_2, DB: db_ptrj
[DivisionConfigService] getGangsForDivision (Enhanced): INFRA, resolved: INF, type: virtual
[DivisionConfigService] Discovery complete for INF: Unique=19
[GangService] divisionConfigService returned 4 gangs for INFRA
[GangService] Returning 4 gangs.
[DataExtractor] allGangs.length=4, divisionCode=INFRA, gangCode=ALL
--- REFLI VERSION 1.1.0 ---
[DataExtractor] Division: INFRA, isVirtual: true, allGangs: 4
[DataExtractor] Final gangCondition: (UPPER(RTRIM(gl.GangCode)) IN ('INF', 'INT') OR UPPER(RTRIM(g.GangCode)) IN ('INF', 'INT'))
[DataExtractor.getEmployees] isHistorical=false, gangCondition=(UPPER(RTRIM(gl.GangCode)) IN ('INF', 'INT') OR UPPER(RTRIM(g.GangCode)) IN ('INF', 'INT'))
[DataExtractor] Live active query returned 27 rows
[DataExtractor] De-duplicated results to 27 unique employees
[EmployeeEstateService] Final maps: empcodeMap=27, nikMap=27
[EmployeeEstateService] Final maps: empcodeMap=27, nikMap=27
[PtkpTaxService] Table history_ptkp_pajak assumed to exist (pre-created)
[THR DEBUG A0778] empNik="1902052707850001", empCode="A0778", nikNameKey="1902052707850001||SURATMAN", empName="SURATMAN"
[THR DEBUG A0778] map.size=571
[THR DEBUG A0778] Level1(NIK)="1902052707850001" → NOT FOUND
[THR DEBUG A0778] Level2(NIK+NAME)="1902052707850001||SURATMAN" → NOT FOUND
[THR DEBUG A0778] Level3(EC)="A0778" → NOT FOUND
[THR DEBUG A0778] Level4(NAME)="SURATMAN" → NOT FOUND
[THR DEBUG A0778] Keys containing target NIK substring: []
[THR DEBUG A0778] First 10 map keys: ["1902011904840004","J0049","1906030107950018","J0051","1906030104910001","J0053","1906030305780003","J0056","1906022901980003","J0058","5203191207760003","J0060","5203013112740153","J0144","1906031707900004","J0146","1214011206940001","J0150","1906011911770007","J0151"]
[THR DEBUG A0778] FINAL RESULT: empOtherIncomes=0 entries
[THR DEBUG A0778] FINAL: getOiByType('THR')=0, taxable=0
[PayrollRoutes] /report/division-raw-tree RESULT | data_rows=27 gangs=2 | gangPrefix=undefined
[PayrollRoutes] division-raw-tree: division=INFRA, month=6, year=2026, gangPrefix=none
[PayrollRoutes] division-raw-tree: data_rows count=27, gangs count=2
[PayrollRoutes] division-raw-tree: dynamic_premi=3, dynamic_pot=0
[PayrollRoutes] division-raw-tree: returning response with 2 gangs
[PayrollRoutes] /report/division-raw-tree | div=AREC month=6 year=2026 gangPrefix=none valuePriorityMode=db_ptrj_only DB_PROFILE=SERVER_PROFILE_2 useHistory=false RUN_MODE=prod
[GangService] fetchGangs triggered - Div: AREC, Search: undefined, Profile: SERVER_PROFILE_2, DB: db_ptrj
[DivisionConfigService] getGangsForDivision (Enhanced): AREC, resolved: ARC, type: real
[DivisionConfigService] Discovery complete for ARC: Unique=18
[GangService] divisionConfigService returned 18 gangs for AREC
[GangService] Returning 18 gangs.
[DataExtractor] allGangs.length=18, divisionCode=AREC, gangCode=ALL
--- REFLI VERSION 1.1.0 ---
[DataExtractor] Division: AREC, isVirtual: false, allGangs: 18
[DataExtractor] Final gangCondition: ((UPPER(RTRIM(g.LocCode)) IN ('ARC','AREC')) OR UPPER(RTRIM(gl.GangCode)) IN ('J1H','J1M','J1P','J1T','J1U','J2H','J2M','J2P','J2T','J3H','J3M','J3P','J3T','J3U','J4H','J4M','J4P','J4T')) AND NOT ((gl.GangCode IN ('INF','INT','AMC','HMC','B2N') OR gl.GangCode LIKE 'IN%' OR gl.GangCode LIKE 'INT%' OR gl.GangCode LIKE 'AMC%' OR gl.GangCode LIKE 'HMC%' OR gl.GangCode LIKE 'B2N%' OR gl.GangCode LIKE 'M%') OR COALESCE(g.Description, '') LIKE '%INFRA%' OR COALESCE(g.Description, '') LIKE '%WORKSHOP%' OR COALESCE(g.Description, '') LIKE '%NURSERY%' OR COALESCE(g.Description, '') LIKE '%MEC%' OR COALESCE(g.Description, '') LIKE '%MECHANIC%' OR COALESCE(g.Description, '') LIKE '%PKS%' OR COALESCE(g.Description, '') LIKE '%MILL%' OR COALESCE(g.Description, '') LIKE '%TRAKSI%')
[DataExtractor.getEmployees] isHistorical=false, gangCondition=((UPPER(RTRIM(g.LocCode)) IN ('ARC','AREC')) OR UPPER(RTRIM(gl.GangCode)) IN ('J1H','J1M','J1P','J1T','J1U','J2H','J2M','J2P','J2T','J3H','J3M','J3P','J3T','J3U','J4H','J4M','J4P','J4T')) AND NOT ((gl.GangCode IN ('INF','INT','AMC','HMC','B2N') OR gl.GangCode LIKE 'IN%' OR gl.GangCode LIKE 'INT%' OR gl.GangCode LIKE 'AMC%' OR gl.GangCode LIKE 'HMC%' OR gl.GangCode LIKE 'B2N%' OR gl.GangCode LIKE 'M%') OR COALESCE(g.Description, '') LIKE '%INFRA%' OR COALESCE(g.Description, '') LIKE '%WORKSHOP%' OR COALESCE(g.Description, '') LIKE '%NURSERY%' OR COALESCE(g.Description, '') LIKE '%MEC%' OR COALESCE(g.Description, '') LIKE '%MECHANIC%' OR COALESCE(g.Description, '') LIKE '%PKS%' OR COALESCE(g.Description, '') LIKE '%MILL%' OR COALESCE(g.Description, '') LIKE '%TRAKSI%')
[DataExtractor] Live active query returned 274 rows
[DataExtractor] De-duplicated results to 274 unique employees
[EmployeeEstateService] Final maps: empcodeMap=274, nikMap=273
[EmployeeEstateService] Final maps: empcodeMap=274, nikMap=273
[PtkpTaxService] Table history_ptkp_pajak assumed to exist (pre-created)
[PayrollRoutes] /report/division-raw-tree RESULT | data_rows=274 gangs=12 | gangPrefix=undefined
[PayrollRoutes] division-raw-tree: division=AREC, month=6, year=2026, gangPrefix=none
[PayrollRoutes] division-raw-tree: data_rows count=274, gangs count=12
[PayrollRoutes] division-raw-tree: dynamic_premi=12, dynamic_pot=4
[PayrollRoutes] division-raw-tree: returning response with 12 gangs
[PayrollRoutes] /report/division-raw-tree | div=IJL month=6 year=2026 gangPrefix=none valuePriorityMode=db_ptrj_only DB_PROFILE=SERVER_PROFILE_2 useHistory=false RUN_MODE=prod
[GangService] fetchGangs triggered - Div: IJL, Search: undefined, Profile: SERVER_PROFILE_2, DB: db_ptrj
[DivisionConfigService] getGangsForDivision (Enhanced): IJL, resolved: IJL, type: real
[DivisionConfigService] Discovery complete for IJL: Unique=3
[GangService] divisionConfigService returned 3 gangs for IJL
[GangService] Returning 3 gangs.
[DataExtractor] allGangs.length=3, divisionCode=IJL, gangCode=ALL
--- REFLI VERSION 1.1.0 ---
[DataExtractor] Division: IJL, isVirtual: false, allGangs: 3
[DataExtractor] Final gangCondition: ((UPPER(RTRIM(g.LocCode)) IN ('IJL')) OR UPPER(RTRIM(gl.GangCode)) IN ('L1H','L1M','L1T')) AND NOT ((gl.GangCode IN ('INF','INT','AMC','HMC','B2N') OR gl.GangCode LIKE 'IN%' OR gl.GangCode LIKE 'INT%' OR gl.GangCode LIKE 'AMC%' OR gl.GangCode LIKE 'HMC%' OR gl.GangCode LIKE 'B2N%' OR gl.GangCode LIKE 'M%') OR COALESCE(g.Description, '') LIKE '%INFRA%' OR COALESCE(g.Description, '') LIKE '%WORKSHOP%' OR COALESCE(g.Description, '') LIKE '%NURSERY%' OR COALESCE(g.Description, '') LIKE '%MEC%' OR COALESCE(g.Description, '') LIKE '%MECHANIC%' OR COALESCE(g.Description, '') LIKE '%PKS%' OR COALESCE(g.Description, '') LIKE '%MILL%' OR COALESCE(g.Description, '') LIKE '%TRAKSI%')
[DataExtractor.getEmployees] isHistorical=false, gangCondition=((UPPER(RTRIM(g.LocCode)) IN ('IJL')) OR UPPER(RTRIM(gl.GangCode)) IN ('L1H','L1M','L1T')) AND NOT ((gl.GangCode IN ('INF','INT','AMC','HMC','B2N') OR gl.GangCode LIKE 'IN%' OR gl.GangCode LIKE 'INT%' OR gl.GangCode LIKE 'AMC%' OR gl.GangCode LIKE 'HMC%' OR gl.GangCode LIKE 'B2N%' OR gl.GangCode LIKE 'M%') OR COALESCE(g.Description, '') LIKE '%INFRA%' OR COALESCE(g.Description, '') LIKE '%WORKSHOP%' OR COALESCE(g.Description, '') LIKE '%NURSERY%' OR COALESCE(g.Description, '') LIKE '%MEC%' OR COALESCE(g.Description, '') LIKE '%MECHANIC%' OR COALESCE(g.Description, '') LIKE '%PKS%' OR COALESCE(g.Description, '') LIKE '%MILL%' OR COALESCE(g.Description, '') LIKE '%TRAKSI%')
[DataExtractor] Live active query returned 47 rows
[DataExtractor] De-duplicated results to 47 unique employees
[EmployeeEstateService] Final maps: empcodeMap=46, nikMap=46
[EmployeeEstateService] Final maps: empcodeMap=43, nikMap=43
[PtkpTaxService] Table history_ptkp_pajak assumed to exist (pre-created)
[PayrollRoutes] /report/division-raw-tree RESULT | data_rows=44 gangs=3 | gangPrefix=undefined
[PayrollRoutes] division-raw-tree: division=IJL, month=6, year=2026, gangPrefix=none
[PayrollRoutes] division-raw-tree: data_rows count=44, gangs count=3
[PayrollRoutes] division-raw-tree: dynamic_premi=6, dynamic_pot=0
[PayrollRoutes] division-raw-tree: returning response with 3 gangs
[AuthService] Verifying token. Token starts with: dev-bypass...
[AuthService] Dev Bypass Token used. Granting ADMIN access.
[AuthService] Verifying token. Token starts with: dev-bypass...
[AuthService] Dev Bypass Token used. Granting ADMIN access.
[PayrollRoutes] /report/division-raw-tree | div=PG1A month=6 year=2026 gangPrefix=none valuePriorityMode=non_db_ptrj DB_PROFILE=SERVER_PROFILE_2 useHistory=false RUN_MODE=prod
[GangService] fetchGangs triggered - Div: PG1A, Search: undefined, Profile: SERVER_PROFILE_2, DB: db_ptrj
[DivisionConfigService] getGangsForDivision (Enhanced): PG1A, resolved: PG1A, type: real
[DivisionConfigService] Discovery complete for PG1A: Unique=20
[GangService] divisionConfigService returned 14 gangs for PG1A
[GangService] Returning 14 gangs.
[DataExtractor] allGangs.length=14, divisionCode=PG1A, gangCode=ALL
--- REFLI VERSION 1.1.0 ---
[DataExtractor] Division: PG1A, isVirtual: false, allGangs: 14
[DataExtractor] Final gangCondition: ((UPPER(RTRIM(g.LocCode)) IN ('PG1A','P1A')) OR UPPER(RTRIM(gl.GangCode)) IN ('A1H','A1M','A1P','A1T','A2H','A2M','A2N','A2P','A2T','A3H','A3M','A3P','A3T','F1BHL')) AND NOT ((gl.GangCode IN ('INF','INT','AMC','HMC','B2N') OR gl.GangCode LIKE 'IN%' OR gl.GangCode LIKE 'INT%' OR gl.GangCode LIKE 'AMC%' OR gl.GangCode LIKE 'HMC%' OR gl.GangCode LIKE 'B2N%' OR gl.GangCode LIKE 'M%') OR COALESCE(g.Description, '') LIKE '%INFRA%' OR COALESCE(g.Description, '') LIKE '%WORKSHOP%' OR COALESCE(g.Description, '') LIKE '%NURSERY%' OR COALESCE(g.Description, '') LIKE '%MEC%' OR COALESCE(g.Description, '') LIKE '%MECHANIC%' OR COALESCE(g.Description, '') LIKE '%PKS%' OR COALESCE(g.Description, '') LIKE '%MILL%' OR COALESCE(g.Description, '') LIKE '%TRAKSI%')
[DataExtractor.getEmployees] isHistorical=false, gangCondition=((UPPER(RTRIM(g.LocCode)) IN ('PG1A','P1A')) OR UPPER(RTRIM(gl.GangCode)) IN ('A1H','A1M','A1P','A1T','A2H','A2M','A2N','A2P','A2T','A3H','A3M','A3P','A3T','F1BHL')) AND NOT ((gl.GangCode IN ('INF','INT','AMC','HMC','B2N') OR gl.GangCode LIKE 'IN%' OR gl.GangCode LIKE 'INT%' OR gl.GangCode LIKE 'AMC%' OR gl.GangCode LIKE 'HMC%' OR gl.GangCode LIKE 'B2N%' OR gl.GangCode LIKE 'M%') OR COALESCE(g.Description, '') LIKE '%INFRA%' OR COALESCE(g.Description, '') LIKE '%WORKSHOP%' OR COALESCE(g.Description, '') LIKE '%NURSERY%' OR COALESCE(g.Description, '') LIKE '%MEC%' OR COALESCE(g.Description, '') LIKE '%MECHANIC%' OR COALESCE(g.Description, '') LIKE '%PKS%' OR COALESCE(g.Description, '') LIKE '%MILL%' OR COALESCE(g.Description, '') LIKE '%TRAKSI%')
[DataExtractor] Live active query returned 188 rows
[DataExtractor] De-duplicated results to 188 unique employees
[EmployeeEstateService] Final maps: empcodeMap=178, nikMap=178
[EmployeeEstateService] Final maps: empcodeMap=178, nikMap=178
[PtkpTaxService] Table history_ptkp_pajak assumed to exist (pre-created)
[PayrollRoutes] /report/division-raw-tree RESULT | data_rows=187 gangs=10 | gangPrefix=undefined
[PayrollRoutes] division-raw-tree: division=PG1A, month=6, year=2026, gangPrefix=none
[PayrollRoutes] division-raw-tree: data_rows count=187, gangs count=10
[PayrollRoutes] division-raw-tree: dynamic_premi=12, dynamic_pot=2
[PayrollRoutes] division-raw-tree: returning response with 10 gangs
[PayrollRoutes] /report/division-raw-tree | div=P2A month=6 year=2026 gangPrefix=none valuePriorityMode=non_db_ptrj DB_PROFILE=SERVER_PROFILE_2 useHistory=false RUN_MODE=prod
[GangService] fetchGangs triggered - Div: P2A, Search: undefined, Profile: SERVER_PROFILE_2, DB: db_ptrj
[DivisionConfigService] getGangsForDivision (Enhanced): P2A, resolved: PG2A, type: real
[DivisionConfigService] Discovery complete for PG2A: Unique=15
[GangService] divisionConfigService returned 15 gangs for P2A
[GangService] Returning 15 gangs.
[DataExtractor] allGangs.length=15, divisionCode=P2A, gangCode=ALL
--- REFLI VERSION 1.1.0 ---
[DataExtractor] Division: P2A, isVirtual: false, allGangs: 15
[DataExtractor] Final gangCondition: ((UPPER(RTRIM(g.LocCode)) IN ('PG2A','P2A')) OR UPPER(RTRIM(gl.GangCode)) IN ('C1B','C1H','C1HP','C1M','C1P','C1T','C2B','C2H','C2M','C2P','C2T','C3H','C3M','C3P','C3T')) AND NOT ((gl.GangCode IN ('INF','INT','AMC','HMC','B2N') OR gl.GangCode LIKE 'IN%' OR gl.GangCode LIKE 'INT%' OR gl.GangCode LIKE 'AMC%' OR gl.GangCode LIKE 'HMC%' OR gl.GangCode LIKE 'B2N%' OR gl.GangCode LIKE 'M%') OR COALESCE(g.Description, '') LIKE '%INFRA%' OR COALESCE(g.Description, '') LIKE '%WORKSHOP%' OR COALESCE(g.Description, '') LIKE '%NURSERY%' OR COALESCE(g.Description, '') LIKE '%MEC%' OR COALESCE(g.Description, '') LIKE '%MECHANIC%' OR COALESCE(g.Description, '') LIKE '%PKS%' OR COALESCE(g.Description, '') LIKE '%MILL%' OR COALESCE(g.Description, '') LIKE '%TRAKSI%')
[DataExtractor.getEmployees] isHistorical=false, gangCondition=((UPPER(RTRIM(g.LocCode)) IN ('PG2A','P2A')) OR UPPER(RTRIM(gl.GangCode)) IN ('C1B','C1H','C1HP','C1M','C1P','C1T','C2B','C2H','C2M','C2P','C2T','C3H','C3M','C3P','C3T')) AND NOT ((gl.GangCode IN ('INF','INT','AMC','HMC','B2N') OR gl.GangCode LIKE 'IN%' OR gl.GangCode LIKE 'INT%' OR gl.GangCode LIKE 'AMC%' OR gl.GangCode LIKE 'HMC%' OR gl.GangCode LIKE 'B2N%' OR gl.GangCode LIKE 'M%') OR COALESCE(g.Description, '') LIKE '%INFRA%' OR COALESCE(g.Description, '') LIKE '%WORKSHOP%' OR COALESCE(g.Description, '') LIKE '%NURSERY%' OR COALESCE(g.Description, '') LIKE '%MEC%' OR COALESCE(g.Description, '') LIKE '%MECHANIC%' OR COALESCE(g.Description, '') LIKE '%PKS%' OR COALESCE(g.Description, '') LIKE '%MILL%' OR COALESCE(g.Description, '') LIKE '%TRAKSI%')
[DataExtractor] Live active query returned 177 rows
[DataExtractor] De-duplicated results to 177 unique employees
[EmployeeEstateService] Final maps: empcodeMap=174, nikMap=174
[EmployeeEstateService] Final maps: empcodeMap=173, nikMap=173
[PtkpTaxService] Table history_ptkp_pajak assumed to exist (pre-created)
[PayrollRoutes] /report/division-raw-tree RESULT | data_rows=176 gangs=12 | gangPrefix=undefined
[PayrollRoutes] division-raw-tree: division=P2A, month=6, year=2026, gangPrefix=none
[PayrollRoutes] division-raw-tree: data_rows count=176, gangs count=12
[PayrollRoutes] division-raw-tree: dynamic_premi=12, dynamic_pot=3
[PayrollRoutes] division-raw-tree: returning response with 12 gangs
[AuthService] Verifying token. Token starts with: dev-bypass...
[AuthService] Dev Bypass Token used. Granting ADMIN access.
[PayrollRoutes] /report/division-raw-tree | div=PG2A month=6 year=2026 gangPrefix=none valuePriorityMode=non_db_ptrj DB_PROFILE=SERVER_PROFILE_2 useHistory=false RUN_MODE=prod
[GangService] fetchGangs triggered - Div: PG2A, Search: undefined, Profile: SERVER_PROFILE_2, DB: db_ptrj
[DivisionConfigService] getGangsForDivision (Enhanced): PG2A, resolved: PG2A, type: real
[DivisionConfigService] Discovery complete for PG2A: Unique=15
[GangService] divisionConfigService returned 15 gangs for PG2A
[GangService] Returning 15 gangs.
[DataExtractor] allGangs.length=15, divisionCode=PG2A, gangCode=ALL
--- REFLI VERSION 1.1.0 ---
[DataExtractor] Division: PG2A, isVirtual: false, allGangs: 15
[DataExtractor] Final gangCondition: ((UPPER(RTRIM(g.LocCode)) IN ('PG2A','P2A')) OR UPPER(RTRIM(gl.GangCode)) IN ('C1B','C1H','C1HP','C1M','C1P','C1T','C2B','C2H','C2M','C2P','C2T','C3H','C3M','C3P','C3T')) AND NOT ((gl.GangCode IN ('INF','INT','AMC','HMC','B2N') OR gl.GangCode LIKE 'IN%' OR gl.GangCode LIKE 'INT%' OR gl.GangCode LIKE 'AMC%' OR gl.GangCode LIKE 'HMC%' OR gl.GangCode LIKE 'B2N%' OR gl.GangCode LIKE 'M%') OR COALESCE(g.Description, '') LIKE '%INFRA%' OR COALESCE(g.Description, '') LIKE '%WORKSHOP%' OR COALESCE(g.Description, '') LIKE '%NURSERY%' OR COALESCE(g.Description, '') LIKE '%MEC%' OR COALESCE(g.Description, '') LIKE '%MECHANIC%' OR COALESCE(g.Description, '') LIKE '%PKS%' OR COALESCE(g.Description, '') LIKE '%MILL%' OR COALESCE(g.Description, '') LIKE '%TRAKSI%')
[DataExtractor.getEmployees] isHistorical=false, gangCondition=((UPPER(RTRIM(g.LocCode)) IN ('PG2A','P2A')) OR UPPER(RTRIM(gl.GangCode)) IN ('C1B','C1H','C1HP','C1M','C1P','C1T','C2B','C2H','C2M','C2P','C2T','C3H','C3M','C3P','C3T')) AND NOT ((gl.GangCode IN ('INF','INT','AMC','HMC','B2N') OR gl.GangCode LIKE 'IN%' OR gl.GangCode LIKE 'INT%' OR gl.GangCode LIKE 'AMC%' OR gl.GangCode LIKE 'HMC%' OR gl.GangCode LIKE 'B2N%' OR gl.GangCode LIKE 'M%') OR COALESCE(g.Description, '') LIKE '%INFRA%' OR COALESCE(g.Description, '') LIKE '%WORKSHOP%' OR COALESCE(g.Description, '') LIKE '%NURSERY%' OR COALESCE(g.Description, '') LIKE '%MEC%' OR COALESCE(g.Description, '') LIKE '%MECHANIC%' OR COALESCE(g.Description, '') LIKE '%PKS%' OR COALESCE(g.Description, '') LIKE '%MILL%' OR COALESCE(g.Description, '') LIKE '%TRAKSI%')
[DataExtractor] Live active query returned 177 rows
[DataExtractor] De-duplicated results to 177 unique employees
[EmployeeEstateService] Final maps: empcodeMap=174, nikMap=174
[EmployeeEstateService] Final maps: empcodeMap=173, nikMap=173
[PtkpTaxService] Table history_ptkp_pajak assumed to exist (pre-created)
[PayrollRoutes] /report/division-raw-tree RESULT | data_rows=176 gangs=12 | gangPrefix=undefined
[PayrollRoutes] division-raw-tree: division=PG2A, month=6, year=2026, gangPrefix=none
[PayrollRoutes] division-raw-tree: data_rows count=176, gangs count=12
[PayrollRoutes] division-raw-tree: dynamic_premi=12, dynamic_pot=3
[PayrollRoutes] division-raw-tree: returning response with 12 gangs
[AuthService] Verifying token. Token starts with: dev-bypass...
[AuthService] Dev Bypass Token used. Granting ADMIN access.
[PayrollRoutes] /report/division-raw-tree | div=PG2A month=6 year=2026 gangPrefix=none valuePriorityMode=non_db_ptrj DB_PROFILE=SERVER_PROFILE_2 useHistory=false RUN_MODE=prod
[GangService] fetchGangs triggered - Div: PG2A, Search: undefined, Profile: SERVER_PROFILE_2, DB: db_ptrj
[DivisionConfigService] getGangsForDivision (Enhanced): PG2A, resolved: PG2A, type: real
[DivisionConfigService] Discovery complete for PG2A: Unique=15
[GangService] divisionConfigService returned 15 gangs for PG2A
[GangService] Returning 15 gangs.
[DataExtractor] allGangs.length=15, divisionCode=PG2A, gangCode=ALL
--- REFLI VERSION 1.1.0 ---
[DataExtractor] Division: PG2A, isVirtual: false, allGangs: 15
[DataExtractor] Final gangCondition: ((UPPER(RTRIM(g.LocCode)) IN ('PG2A','P2A')) OR UPPER(RTRIM(gl.GangCode)) IN ('C1B','C1H','C1HP','C1M','C1P','C1T','C2B','C2H','C2M','C2P','C2T','C3H','C3M','C3P','C3T')) AND NOT ((gl.GangCode IN ('INF','INT','AMC','HMC','B2N') OR gl.GangCode LIKE 'IN%' OR gl.GangCode LIKE 'INT%' OR gl.GangCode LIKE 'AMC%' OR gl.GangCode LIKE 'HMC%' OR gl.GangCode LIKE 'B2N%' OR gl.GangCode LIKE 'M%') OR COALESCE(g.Description, '') LIKE '%INFRA%' OR COALESCE(g.Description, '') LIKE '%WORKSHOP%' OR COALESCE(g.Description, '') LIKE '%NURSERY%' OR COALESCE(g.Description, '') LIKE '%MEC%' OR COALESCE(g.Description, '') LIKE '%MECHANIC%' OR COALESCE(g.Description, '') LIKE '%PKS%' OR COALESCE(g.Description, '') LIKE '%MILL%' OR COALESCE(g.Description, '') LIKE '%TRAKSI%')
[DataExtractor.getEmployees] isHistorical=false, gangCondition=((UPPER(RTRIM(g.LocCode)) IN ('PG2A','P2A')) OR UPPER(RTRIM(gl.GangCode)) IN ('C1B','C1H','C1HP','C1M','C1P','C1T','C2B','C2H','C2M','C2P','C2T','C3H','C3M','C3P','C3T')) AND NOT ((gl.GangCode IN ('INF','INT','AMC','HMC','B2N') OR gl.GangCode LIKE 'IN%' OR gl.GangCode LIKE 'INT%' OR gl.GangCode LIKE 'AMC%' OR gl.GangCode LIKE 'HMC%' OR gl.GangCode LIKE 'B2N%' OR gl.GangCode LIKE 'M%') OR COALESCE(g.Description, '') LIKE '%INFRA%' OR COALESCE(g.Description, '') LIKE '%WORKSHOP%' OR COALESCE(g.Description, '') LIKE '%NURSERY%' OR COALESCE(g.Description, '') LIKE '%MEC%' OR COALESCE(g.Description, '') LIKE '%MECHANIC%' OR COALESCE(g.Description, '') LIKE '%PKS%' OR COALESCE(g.Description, '') LIKE '%MILL%' OR COALESCE(g.Description, '') LIKE '%TRAKSI%')
[DataExtractor] Live active query returned 177 rows
[DataExtractor] De-duplicated results to 177 unique employees
[EmployeeEstateService] Final maps: empcodeMap=174, nikMap=174
[EmployeeEstateService] Final maps: empcodeMap=173, nikMap=173
[PtkpTaxService] Table history_ptkp_pajak assumed to exist (pre-created)
[PayrollRoutes] /report/division-raw-tree RESULT | data_rows=176 gangs=12 | gangPrefix=undefined
[PayrollRoutes] division-raw-tree: division=PG2A, month=6, year=2026, gangPrefix=none
[PayrollRoutes] division-raw-tree: data_rows count=176, gangs count=12
[PayrollRoutes] division-raw-tree: dynamic_premi=12, dynamic_pot=3
[PayrollRoutes] division-raw-tree: returning response with 12 gangs
[AuthService] Verifying token. Token starts with: dev-bypass...
[AuthService] Dev Bypass Token used. Granting ADMIN access.
[PayrollRoutes] /report/division-raw-tree | div=PG2A month=6 year=2026 gangPrefix=none valuePriorityMode=non_db_ptrj DB_PROFILE=SERVER_PROFILE_2 useHistory=false RUN_MODE=prod
[GangService] fetchGangs triggered - Div: PG2A, Search: undefined, Profile: SERVER_PROFILE_2, DB: db_ptrj
[DivisionConfigService] getGangsForDivision (Enhanced): PG2A, resolved: PG2A, type: real
[DivisionConfigService] Discovery complete for PG2A: Unique=15
[GangService] divisionConfigService returned 15 gangs for PG2A
[GangService] Returning 15 gangs.
[DataExtractor] allGangs.length=15, divisionCode=PG2A, gangCode=ALL
--- REFLI VERSION 1.1.0 ---
[DataExtractor] Division: PG2A, isVirtual: false, allGangs: 15
[DataExtractor] Final gangCondition: ((UPPER(RTRIM(g.LocCode)) IN ('PG2A','P2A')) OR UPPER(RTRIM(gl.GangCode)) IN ('C1B','C1H','C1HP','C1M','C1P','C1T','C2B','C2H','C2M','C2P','C2T','C3H','C3M','C3P','C3T')) AND NOT ((gl.GangCode IN ('INF','INT','AMC','HMC','B2N') OR gl.GangCode LIKE 'IN%' OR gl.GangCode LIKE 'INT%' OR gl.GangCode LIKE 'AMC%' OR gl.GangCode LIKE 'HMC%' OR gl.GangCode LIKE 'B2N%' OR gl.GangCode LIKE 'M%') OR COALESCE(g.Description, '') LIKE '%INFRA%' OR COALESCE(g.Description, '') LIKE '%WORKSHOP%' OR COALESCE(g.Description, '') LIKE '%NURSERY%' OR COALESCE(g.Description, '') LIKE '%MEC%' OR COALESCE(g.Description, '') LIKE '%MECHANIC%' OR COALESCE(g.Description, '') LIKE '%PKS%' OR COALESCE(g.Description, '') LIKE '%MILL%' OR COALESCE(g.Description, '') LIKE '%TRAKSI%')
[DataExtractor.getEmployees] isHistorical=false, gangCondition=((UPPER(RTRIM(g.LocCode)) IN ('PG2A','P2A')) OR UPPER(RTRIM(gl.GangCode)) IN ('C1B','C1H','C1HP','C1M','C1P','C1T','C2B','C2H','C2M','C2P','C2T','C3H','C3M','C3P','C3T')) AND NOT ((gl.GangCode IN ('INF','INT','AMC','HMC','B2N') OR gl.GangCode LIKE 'IN%' OR gl.GangCode LIKE 'INT%' OR gl.GangCode LIKE 'AMC%' OR gl.GangCode LIKE 'HMC%' OR gl.GangCode LIKE 'B2N%' OR gl.GangCode LIKE 'M%') OR COALESCE(g.Description, '') LIKE '%INFRA%' OR COALESCE(g.Description, '') LIKE '%WORKSHOP%' OR COALESCE(g.Description, '') LIKE '%NURSERY%' OR COALESCE(g.Description, '') LIKE '%MEC%' OR COALESCE(g.Description, '') LIKE '%MECHANIC%' OR COALESCE(g.Description, '') LIKE '%PKS%' OR COALESCE(g.Description, '') LIKE '%MILL%' OR COALESCE(g.Description, '') LIKE '%TRAKSI%')
[DataExtractor] Live active query returned 177 rows
[DataExtractor] De-duplicated results to 177 unique employees
[EmployeeEstateService] Final maps: empcodeMap=174, nikMap=174
[EmployeeEstateService] Final maps: empcodeMap=173, nikMap=173
[PtkpTaxService] Table history_ptkp_pajak assumed to exist (pre-created)
[PayrollRoutes] /report/division-raw-tree RESULT | data_rows=176 gangs=12 | gangPrefix=undefined
[PayrollRoutes] division-raw-tree: division=PG2A, month=6, year=2026, gangPrefix=none
[PayrollRoutes] division-raw-tree: data_rows count=176, gangs count=12
[PayrollRoutes] division-raw-tree: dynamic_premi=12, dynamic_pot=3
[PayrollRoutes] division-raw-tree: returning response with 12 gangs
[AuthService] Verifying token. Token starts with: dev-bypass...
[AuthService] Dev Bypass Token used. Granting ADMIN access.
[PayrollRoutes] /report/division-raw-tree | div=PG2A month=6 year=2026 gangPrefix=none valuePriorityMode=non_db_ptrj DB_PROFILE=SERVER_PROFILE_2 useHistory=false RUN_MODE=prod
[GangService] fetchGangs triggered - Div: PG2A, Search: undefined, Profile: SERVER_PROFILE_2, DB: db_ptrj
[DivisionConfigService] getGangsForDivision (Enhanced): PG2A, resolved: PG2A, type: real
[DivisionConfigService] Discovery complete for PG2A: Unique=15
[GangService] divisionConfigService returned 15 gangs for PG2A
[GangService] Returning 15 gangs.
[DataExtractor] allGangs.length=15, divisionCode=PG2A, gangCode=ALL
--- REFLI VERSION 1.1.0 ---
[DataExtractor] Division: PG2A, isVirtual: false, allGangs: 15
[DataExtractor] Final gangCondition: ((UPPER(RTRIM(g.LocCode)) IN ('PG2A','P2A')) OR UPPER(RTRIM(gl.GangCode)) IN ('C1B','C1H','C1HP','C1M','C1P','C1T','C2B','C2H','C2M','C2P','C2T','C3H','C3M','C3P','C3T')) AND NOT ((gl.GangCode IN ('INF','INT','AMC','HMC','B2N') OR gl.GangCode LIKE 'IN%' OR gl.GangCode LIKE 'INT%' OR gl.GangCode LIKE 'AMC%' OR gl.GangCode LIKE 'HMC%' OR gl.GangCode LIKE 'B2N%' OR gl.GangCode LIKE 'M%') OR COALESCE(g.Description, '') LIKE '%INFRA%' OR COALESCE(g.Description, '') LIKE '%WORKSHOP%' OR COALESCE(g.Description, '') LIKE '%NURSERY%' OR COALESCE(g.Description, '') LIKE '%MEC%' OR COALESCE(g.Description, '') LIKE '%MECHANIC%' OR COALESCE(g.Description, '') LIKE '%PKS%' OR COALESCE(g.Description, '') LIKE '%MILL%' OR COALESCE(g.Description, '') LIKE '%TRAKSI%')
[DataExtractor.getEmployees] isHistorical=false, gangCondition=((UPPER(RTRIM(g.LocCode)) IN ('PG2A','P2A')) OR UPPER(RTRIM(gl.GangCode)) IN ('C1B','C1H','C1HP','C1M','C1P','C1T','C2B','C2H','C2M','C2P','C2T','C3H','C3M','C3P','C3T')) AND NOT ((gl.GangCode IN ('INF','INT','AMC','HMC','B2N') OR gl.GangCode LIKE 'IN%' OR gl.GangCode LIKE 'INT%' OR gl.GangCode LIKE 'AMC%' OR gl.GangCode LIKE 'HMC%' OR gl.GangCode LIKE 'B2N%' OR gl.GangCode LIKE 'M%') OR COALESCE(g.Description, '') LIKE '%INFRA%' OR COALESCE(g.Description, '') LIKE '%WORKSHOP%' OR COALESCE(g.Description, '') LIKE '%NURSERY%' OR COALESCE(g.Description, '') LIKE '%MEC%' OR COALESCE(g.Description, '') LIKE '%MECHANIC%' OR COALESCE(g.Description, '') LIKE '%PKS%' OR COALESCE(g.Description, '') LIKE '%MILL%' OR COALESCE(g.Description, '') LIKE '%TRAKSI%')
[DataExtractor] Live active query returned 177 rows
[DataExtractor] De-duplicated results to 177 unique employees
[EmployeeEstateService] Final maps: empcodeMap=174, nikMap=174
[EmployeeEstateService] Final maps: empcodeMap=173, nikMap=173
[PtkpTaxService] Table history_ptkp_pajak assumed to exist (pre-created)
[PayrollRoutes] /report/division-raw-tree RESULT | data_rows=176 gangs=12 | gangPrefix=undefined
[PayrollRoutes] division-raw-tree: division=PG2A, month=6, year=2026, gangPrefix=none
[PayrollRoutes] division-raw-tree: data_rows count=176, gangs count=12
[PayrollRoutes] division-raw-tree: dynamic_premi=12, dynamic_pot=3
[PayrollRoutes] division-raw-tree: returning response with 12 gangs
[AuthService] Verifying token. Token starts with: dev-bypass...
[AuthService] Dev Bypass Token used. Granting ADMIN access.
[PayrollRoutes] /report/division-raw-tree | div=PG2A month=6 year=2026 gangPrefix=none valuePriorityMode=non_db_ptrj DB_PROFILE=SERVER_PROFILE_2 useHistory=false RUN_MODE=prod
[GangService] fetchGangs triggered - Div: PG2A, Search: undefined, Profile: SERVER_PROFILE_2, DB: db_ptrj
[DivisionConfigService] getGangsForDivision (Enhanced): PG2A, resolved: PG2A, type: real
[DivisionConfigService] Discovery complete for PG2A: Unique=15
[GangService] divisionConfigService returned 15 gangs for PG2A
[GangService] Returning 15 gangs.
[DataExtractor] allGangs.length=15, divisionCode=PG2A, gangCode=ALL
--- REFLI VERSION 1.1.0 ---
[DataExtractor] Division: PG2A, isVirtual: false, allGangs: 15
[DataExtractor] Final gangCondition: ((UPPER(RTRIM(g.LocCode)) IN ('PG2A','P2A')) OR UPPER(RTRIM(gl.GangCode)) IN ('C1B','C1H','C1HP','C1M','C1P','C1T','C2B','C2H','C2M','C2P','C2T','C3H','C3M','C3P','C3T')) AND NOT ((gl.GangCode IN ('INF','INT','AMC','HMC','B2N') OR gl.GangCode LIKE 'IN%' OR gl.GangCode LIKE 'INT%' OR gl.GangCode LIKE 'AMC%' OR gl.GangCode LIKE 'HMC%' OR gl.GangCode LIKE 'B2N%' OR gl.GangCode LIKE 'M%') OR COALESCE(g.Description, '') LIKE '%INFRA%' OR COALESCE(g.Description, '') LIKE '%WORKSHOP%' OR COALESCE(g.Description, '') LIKE '%NURSERY%' OR COALESCE(g.Description, '') LIKE '%MEC%' OR COALESCE(g.Description, '') LIKE '%MECHANIC%' OR COALESCE(g.Description, '') LIKE '%PKS%' OR COALESCE(g.Description, '') LIKE '%MILL%' OR COALESCE(g.Description, '') LIKE '%TRAKSI%')
[DataExtractor.getEmployees] isHistorical=false, gangCondition=((UPPER(RTRIM(g.LocCode)) IN ('PG2A','P2A')) OR UPPER(RTRIM(gl.GangCode)) IN ('C1B','C1H','C1HP','C1M','C1P','C1T','C2B','C2H','C2M','C2P','C2T','C3H','C3M','C3P','C3T')) AND NOT ((gl.GangCode IN ('INF','INT','AMC','HMC','B2N') OR gl.GangCode LIKE 'IN%' OR gl.GangCode LIKE 'INT%' OR gl.GangCode LIKE 'AMC%' OR gl.GangCode LIKE 'HMC%' OR gl.GangCode LIKE 'B2N%' OR gl.GangCode LIKE 'M%') OR COALESCE(g.Description, '') LIKE '%INFRA%' OR COALESCE(g.Description, '') LIKE '%WORKSHOP%' OR COALESCE(g.Description, '') LIKE '%NURSERY%' OR COALESCE(g.Description, '') LIKE '%MEC%' OR COALESCE(g.Description, '') LIKE '%MECHANIC%' OR COALESCE(g.Description, '') LIKE '%PKS%' OR COALESCE(g.Description, '') LIKE '%MILL%' OR COALESCE(g.Description, '') LIKE '%TRAKSI%')
[DataExtractor] Live active query returned 177 rows
[DataExtractor] De-duplicated results to 177 unique employees
[EmployeeEstateService] Final maps: empcodeMap=174, nikMap=174
[EmployeeEstateService] Final maps: empcodeMap=173, nikMap=173
[PtkpTaxService] Table history_ptkp_pajak assumed to exist (pre-created)
[PayrollRoutes] /report/division-raw-tree RESULT | data_rows=176 gangs=12 | gangPrefix=undefined
[PayrollRoutes] division-raw-tree: division=PG2A, month=6, year=2026, gangPrefix=none
[PayrollRoutes] division-raw-tree: data_rows count=176, gangs count=12
[PayrollRoutes] division-raw-tree: dynamic_premi=12, dynamic_pot=3
[PayrollRoutes] division-raw-tree: returning response with 12 gangs
[AuthService] Verifying token. Token starts with: dev-bypass...
[AuthService] Dev Bypass Token used. Granting ADMIN access.
[PayrollRoutes] /report/division-raw-tree | div=PG2A month=6 year=2026 gangPrefix=none valuePriorityMode=db_ptrj_only DB_PROFILE=SERVER_PROFILE_2 useHistory=false RUN_MODE=prod
[GangService] fetchGangs triggered - Div: PG2A, Search: undefined, Profile: SERVER_PROFILE_2, DB: db_ptrj
[DivisionConfigService] getGangsForDivision (Enhanced): PG2A, resolved: PG2A, type: real
[DivisionConfigService] Discovery complete for PG2A: Unique=15
[GangService] divisionConfigService returned 15 gangs for PG2A
[GangService] Returning 15 gangs.
[DataExtractor] allGangs.length=15, divisionCode=PG2A, gangCode=ALL
--- REFLI VERSION 1.1.0 ---
[DataExtractor] Division: PG2A, isVirtual: false, allGangs: 15
[DataExtractor] Final gangCondition: ((UPPER(RTRIM(g.LocCode)) IN ('PG2A','P2A')) OR UPPER(RTRIM(gl.GangCode)) IN ('C1B','C1H','C1HP','C1M','C1P','C1T','C2B','C2H','C2M','C2P','C2T','C3H','C3M','C3P','C3T')) AND NOT ((gl.GangCode IN ('INF','INT','AMC','HMC','B2N') OR gl.GangCode LIKE 'IN%' OR gl.GangCode LIKE 'INT%' OR gl.GangCode LIKE 'AMC%' OR gl.GangCode LIKE 'HMC%' OR gl.GangCode LIKE 'B2N%' OR gl.GangCode LIKE 'M%') OR COALESCE(g.Description, '') LIKE '%INFRA%' OR COALESCE(g.Description, '') LIKE '%WORKSHOP%' OR COALESCE(g.Description, '') LIKE '%NURSERY%' OR COALESCE(g.Description, '') LIKE '%MEC%' OR COALESCE(g.Description, '') LIKE '%MECHANIC%' OR COALESCE(g.Description, '') LIKE '%PKS%' OR COALESCE(g.Description, '') LIKE '%MILL%' OR COALESCE(g.Description, '') LIKE '%TRAKSI%')
[DataExtractor.getEmployees] isHistorical=false, gangCondition=((UPPER(RTRIM(g.LocCode)) IN ('PG2A','P2A')) OR UPPER(RTRIM(gl.GangCode)) IN ('C1B','C1H','C1HP','C1M','C1P','C1T','C2B','C2H','C2M','C2P','C2T','C3H','C3M','C3P','C3T')) AND NOT ((gl.GangCode IN ('INF','INT','AMC','HMC','B2N') OR gl.GangCode LIKE 'IN%' OR gl.GangCode LIKE 'INT%' OR gl.GangCode LIKE 'AMC%' OR gl.GangCode LIKE 'HMC%' OR gl.GangCode LIKE 'B2N%' OR gl.GangCode LIKE 'M%') OR COALESCE(g.Description, '') LIKE '%INFRA%' OR COALESCE(g.Description, '') LIKE '%WORKSHOP%' OR COALESCE(g.Description, '') LIKE '%NURSERY%' OR COALESCE(g.Description, '') LIKE '%MEC%' OR COALESCE(g.Description, '') LIKE '%MECHANIC%' OR COALESCE(g.Description, '') LIKE '%PKS%' OR COALESCE(g.Description, '') LIKE '%MILL%' OR COALESCE(g.Description, '') LIKE '%TRAKSI%')
[DataExtractor] Live active query returned 177 rows
[DataExtractor] De-duplicated results to 177 unique employees
[EmployeeEstateService] Final maps: empcodeMap=174, nikMap=174
[EmployeeEstateService] Final maps: empcodeMap=173, nikMap=173
[PtkpTaxService] Table history_ptkp_pajak assumed to exist (pre-created)
[PayrollRoutes] /report/division-raw-tree RESULT | data_rows=176 gangs=12 | gangPrefix=undefined
[PayrollRoutes] division-raw-tree: division=PG2A, month=6, year=2026, gangPrefix=none
[PayrollRoutes] division-raw-tree: data_rows count=176, gangs count=12
[PayrollRoutes] division-raw-tree: dynamic_premi=12, dynamic_pot=4
[PayrollRoutes] division-raw-tree: returning response with 12 gangs
[AuthService] Verifying token. Token starts with: dev-bypass...
[AuthService] Dev Bypass Token used. Granting ADMIN access.
[PayrollRoutes] /report/division-raw-tree | div=PG2A month=6 year=2026 gangPrefix=none valuePriorityMode=non_db_ptrj DB_PROFILE=SERVER_PROFILE_2 useHistory=false RUN_MODE=prod
[GangService] fetchGangs triggered - Div: PG2A, Search: undefined, Profile: SERVER_PROFILE_2, DB: db_ptrj
[DivisionConfigService] getGangsForDivision (Enhanced): PG2A, resolved: PG2A, type: real
[DivisionConfigService] Discovery complete for PG2A: Unique=15
[GangService] divisionConfigService returned 15 gangs for PG2A
[GangService] Returning 15 gangs.
[DataExtractor] allGangs.length=15, divisionCode=PG2A, gangCode=ALL
--- REFLI VERSION 1.1.0 ---
[DataExtractor] Division: PG2A, isVirtual: false, allGangs: 15
[DataExtractor] Final gangCondition: ((UPPER(RTRIM(g.LocCode)) IN ('PG2A','P2A')) OR UPPER(RTRIM(gl.GangCode)) IN ('C1B','C1H','C1HP','C1M','C1P','C1T','C2B','C2H','C2M','C2P','C2T','C3H','C3M','C3P','C3T')) AND NOT ((gl.GangCode IN ('INF','INT','AMC','HMC','B2N') OR gl.GangCode LIKE 'IN%' OR gl.GangCode LIKE 'INT%' OR gl.GangCode LIKE 'AMC%' OR gl.GangCode LIKE 'HMC%' OR gl.GangCode LIKE 'B2N%' OR gl.GangCode LIKE 'M%') OR COALESCE(g.Description, '') LIKE '%INFRA%' OR COALESCE(g.Description, '') LIKE '%WORKSHOP%' OR COALESCE(g.Description, '') LIKE '%NURSERY%' OR COALESCE(g.Description, '') LIKE '%MEC%' OR COALESCE(g.Description, '') LIKE '%MECHANIC%' OR COALESCE(g.Description, '') LIKE '%PKS%' OR COALESCE(g.Description, '') LIKE '%MILL%' OR COALESCE(g.Description, '') LIKE '%TRAKSI%')
[DataExtractor.getEmployees] isHistorical=false, gangCondition=((UPPER(RTRIM(g.LocCode)) IN ('PG2A','P2A')) OR UPPER(RTRIM(gl.GangCode)) IN ('C1B','C1H','C1HP','C1M','C1P','C1T','C2B','C2H','C2M','C2P','C2T','C3H','C3M','C3P','C3T')) AND NOT ((gl.GangCode IN ('INF','INT','AMC','HMC','B2N') OR gl.GangCode LIKE 'IN%' OR gl.GangCode LIKE 'INT%' OR gl.GangCode LIKE 'AMC%' OR gl.GangCode LIKE 'HMC%' OR gl.GangCode LIKE 'B2N%' OR gl.GangCode LIKE 'M%') OR COALESCE(g.Description, '') LIKE '%INFRA%' OR COALESCE(g.Description, '') LIKE '%WORKSHOP%' OR COALESCE(g.Description, '') LIKE '%NURSERY%' OR COALESCE(g.Description, '') LIKE '%MEC%' OR COALESCE(g.Description, '') LIKE '%MECHANIC%' OR COALESCE(g.Description, '') LIKE '%PKS%' OR COALESCE(g.Description, '') LIKE '%MILL%' OR COALESCE(g.Description, '') LIKE '%TRAKSI%')
[DataExtractor] Live active query returned 177 rows
[DataExtractor] De-duplicated results to 177 unique employees
[EmployeeEstateService] Final maps: empcodeMap=174, nikMap=174
[EmployeeEstateService] Final maps: empcodeMap=173, nikMap=173
[PtkpTaxService] Table history_ptkp_pajak assumed to exist (pre-created)
[PayrollRoutes] /report/division-raw-tree RESULT | data_rows=176 gangs=12 | gangPrefix=undefined
[PayrollRoutes] division-raw-tree: division=PG2A, month=6, year=2026, gangPrefix=none
[PayrollRoutes] division-raw-tree: data_rows count=176, gangs count=12
[PayrollRoutes] division-raw-tree: dynamic_premi=12, dynamic_pot=3
[PayrollRoutes] division-raw-tree: returning response with 12 gangs
[AuthService] Verifying token. Token starts with: dev-bypass...
[AuthService] Dev Bypass Token used. Granting ADMIN access.
[PayrollRoutes] /report/division-raw-tree | div=PG1B month=6 year=2026 gangPrefix=none valuePriorityMode=non_db_ptrj DB_PROFILE=SERVER_PROFILE_2 useHistory=false RUN_MODE=prod
[GangService] fetchGangs triggered - Div: PG1B, Search: undefined, Profile: SERVER_PROFILE_2, DB: db_ptrj
[DivisionConfigService] getGangsForDivision (Enhanced): PG1B, resolved: PG1B, type: real
[AuthService] Verifying token. Token starts with: dev-bypass...
[AuthService] Dev Bypass Token used. Granting ADMIN access.
[PayrollRoutes] /report/division-raw-tree | div=PG1A month=6 year=2026 gangPrefix=none valuePriorityMode=non_db_ptrj DB_PROFILE=SERVER_PROFILE_2 useHistory=false RUN_MODE=prod
[GangService] fetchGangs triggered - Div: PG1A, Search: undefined, Profile: SERVER_PROFILE_2, DB: db_ptrj
[DivisionConfigService] getGangsForDivision (Enhanced): PG1A, resolved: PG1A, type: real
[DivisionConfigService] Discovery complete for PG1B: Unique=18
[GangService] divisionConfigService returned 17 gangs for PG1B
[GangService] Returning 17 gangs.
[DataExtractor] allGangs.length=17, divisionCode=PG1B, gangCode=ALL
--- REFLI VERSION 1.1.0 ---
[DataExtractor] Division: PG1B, isVirtual: false, allGangs: 17
[DataExtractor] Final gangCondition: ((UPPER(RTRIM(g.LocCode)) IN ('PG1B','P1B')) OR UPPER(RTRIM(gl.GangCode)) IN ('B1B','B1H','B1M','B1P','B1T','B2H','B2M','B2P','B2T','B3A','B3B','B3H','B3M','B3P','B3T','BIBITAN','PB3')) AND NOT ((gl.GangCode IN ('INF','INT','AMC','HMC','B2N') OR gl.GangCode LIKE 'IN%' OR gl.GangCode LIKE 'INT%' OR gl.GangCode LIKE 'AMC%' OR gl.GangCode LIKE 'HMC%' OR gl.GangCode LIKE 'B2N%' OR gl.GangCode LIKE 'M%') OR COALESCE(g.Description, '') LIKE '%INFRA%' OR COALESCE(g.Description, '') LIKE '%WORKSHOP%' OR COALESCE(g.Description, '') LIKE '%NURSERY%' OR COALESCE(g.Description, '') LIKE '%MEC%' OR COALESCE(g.Description, '') LIKE '%MECHANIC%' OR COALESCE(g.Description, '') LIKE '%PKS%' OR COALESCE(g.Description, '') LIKE '%MILL%' OR COALESCE(g.Description, '') LIKE '%TRAKSI%')
[DataExtractor.getEmployees] isHistorical=false, gangCondition=((UPPER(RTRIM(g.LocCode)) IN ('PG1B','P1B')) OR UPPER(RTRIM(gl.GangCode)) IN ('B1B','B1H','B1M','B1P','B1T','B2H','B2M','B2P','B2T','B3A','B3B','B3H','B3M','B3P','B3T','BIBITAN','PB3')) AND NOT ((gl.GangCode IN ('INF','INT','AMC','HMC','B2N') OR gl.GangCode LIKE 'IN%' OR gl.GangCode LIKE 'INT%' OR gl.GangCode LIKE 'AMC%' OR gl.GangCode LIKE 'HMC%' OR gl.GangCode LIKE 'B2N%' OR gl.GangCode LIKE 'M%') OR COALESCE(g.Description, '') LIKE '%INFRA%' OR COALESCE(g.Description, '') LIKE '%WORKSHOP%' OR COALESCE(g.Description, '') LIKE '%NURSERY%' OR COALESCE(g.Description, '') LIKE '%MEC%' OR COALESCE(g.Description, '') LIKE '%MECHANIC%' OR COALESCE(g.Description, '') LIKE '%PKS%' OR COALESCE(g.Description, '') LIKE '%MILL%' OR COALESCE(g.Description, '') LIKE '%TRAKSI%')
[DivisionConfigService] Discovery complete for PG1A: Unique=20
[GangService] divisionConfigService returned 14 gangs for PG1A
[GangService] Returning 14 gangs.
[DataExtractor] allGangs.length=14, divisionCode=PG1A, gangCode=ALL
--- REFLI VERSION 1.1.0 ---
[DataExtractor] Division: PG1A, isVirtual: false, allGangs: 14
[DataExtractor] Final gangCondition: ((UPPER(RTRIM(g.LocCode)) IN ('PG1A','P1A')) OR UPPER(RTRIM(gl.GangCode)) IN ('A1H','A1M','A1P','A1T','A2H','A2M','A2N','A2P','A2T','A3H','A3M','A3P','A3T','F1BHL')) AND NOT ((gl.GangCode IN ('INF','INT','AMC','HMC','B2N') OR gl.GangCode LIKE 'IN%' OR gl.GangCode LIKE 'INT%' OR gl.GangCode LIKE 'AMC%' OR gl.GangCode LIKE 'HMC%' OR gl.GangCode LIKE 'B2N%' OR gl.GangCode LIKE 'M%') OR COALESCE(g.Description, '') LIKE '%INFRA%' OR COALESCE(g.Description, '') LIKE '%WORKSHOP%' OR COALESCE(g.Description, '') LIKE '%NURSERY%' OR COALESCE(g.Description, '') LIKE '%MEC%' OR COALESCE(g.Description, '') LIKE '%MECHANIC%' OR COALESCE(g.Description, '') LIKE '%PKS%' OR COALESCE(g.Description, '') LIKE '%MILL%' OR COALESCE(g.Description, '') LIKE '%TRAKSI%')
[DataExtractor.getEmployees] isHistorical=false, gangCondition=((UPPER(RTRIM(g.LocCode)) IN ('PG1A','P1A')) OR UPPER(RTRIM(gl.GangCode)) IN ('A1H','A1M','A1P','A1T','A2H','A2M','A2N','A2P','A2T','A3H','A3M','A3P','A3T','F1BHL')) AND NOT ((gl.GangCode IN ('INF','INT','AMC','HMC','B2N') OR gl.GangCode LIKE 'IN%' OR gl.GangCode LIKE 'INT%' OR gl.GangCode LIKE 'AMC%' OR gl.GangCode LIKE 'HMC%' OR gl.GangCode LIKE 'B2N%' OR gl.GangCode LIKE 'M%') OR COALESCE(g.Description, '') LIKE '%INFRA%' OR COALESCE(g.Description, '') LIKE '%WORKSHOP%' OR COALESCE(g.Description, '') LIKE '%NURSERY%' OR COALESCE(g.Description, '') LIKE '%MEC%' OR COALESCE(g.Description, '') LIKE '%MECHANIC%' OR COALESCE(g.Description, '') LIKE '%PKS%' OR COALESCE(g.Description, '') LIKE '%MILL%' OR COALESCE(g.Description, '') LIKE '%TRAKSI%')
[DataExtractor] Live active query returned 179 rows
[DataExtractor] De-duplicated results to 179 unique employees
[DataExtractor] Live active query returned 188 rows
[DataExtractor] De-duplicated results to 188 unique employees
[EmployeeEstateService] Final maps: empcodeMap=179, nikMap=179
[EmployeeEstateService] Final maps: empcodeMap=178, nikMap=178
[EmployeeEstateService] Final maps: empcodeMap=179, nikMap=179
[EmployeeEstateService] Final maps: empcodeMap=178, nikMap=178
[PtkpTaxService] Table history_ptkp_pajak assumed to exist (pre-created)
[PtkpTaxService] Table history_ptkp_pajak assumed to exist (pre-created)
[PayrollRoutes] /report/division-raw-tree RESULT | data_rows=179 gangs=6 | gangPrefix=undefined
[PayrollRoutes] division-raw-tree: division=PG1B, month=6, year=2026, gangPrefix=none
[PayrollRoutes] division-raw-tree: data_rows count=179, gangs count=6
[PayrollRoutes] division-raw-tree: dynamic_premi=10, dynamic_pot=1
[PayrollRoutes] division-raw-tree: returning response with 6 gangs
[PayrollRoutes] /report/division-raw-tree RESULT | data_rows=187 gangs=10 | gangPrefix=undefined
[PayrollRoutes] division-raw-tree: division=PG1A, month=6, year=2026, gangPrefix=none
[PayrollRoutes] division-raw-tree: data_rows count=187, gangs count=10
[PayrollRoutes] division-raw-tree: dynamic_premi=12, dynamic_pot=2
[PayrollRoutes] division-raw-tree: returning response with 10 gangs
[AuthService] Verifying token. Token starts with: dev-bypass...
[AuthService] Dev Bypass Token used. Granting ADMIN access.
[PayrollRoutes] /report/division-raw-tree | div=PG2A month=6 year=2026 gangPrefix=none valuePriorityMode=non_db_ptrj DB_PROFILE=SERVER_PROFILE_2 useHistory=false RUN_MODE=prod
[GangService] fetchGangs triggered - Div: PG2A, Search: undefined, Profile: SERVER_PROFILE_2, DB: db_ptrj
[DivisionConfigService] getGangsForDivision (Enhanced): PG2A, resolved: PG2A, type: real
[AuthService] Verifying token. Token starts with: dev-bypass...
[AuthService] Dev Bypass Token used. Granting ADMIN access.
[PayrollRoutes] /report/division-raw-tree | div=PG2B month=6 year=2026 gangPrefix=none valuePriorityMode=non_db_ptrj DB_PROFILE=SERVER_PROFILE_2 useHistory=false RUN_MODE=prod
[GangService] fetchGangs triggered - Div: PG2B, Search: undefined, Profile: SERVER_PROFILE_2, DB: db_ptrj
[DivisionConfigService] getGangsForDivision (Enhanced): PG2B, resolved: PG2B, type: real
[DivisionConfigService] Discovery complete for PG2A: Unique=15
[GangService] divisionConfigService returned 15 gangs for PG2A
[GangService] Returning 15 gangs.
[DataExtractor] allGangs.length=15, divisionCode=PG2A, gangCode=ALL
--- REFLI VERSION 1.1.0 ---
[DataExtractor] Division: PG2A, isVirtual: false, allGangs: 15
[DataExtractor] Final gangCondition: ((UPPER(RTRIM(g.LocCode)) IN ('PG2A','P2A')) OR UPPER(RTRIM(gl.GangCode)) IN ('C1B','C1H','C1HP','C1M','C1P','C1T','C2B','C2H','C2M','C2P','C2T','C3H','C3M','C3P','C3T')) AND NOT ((gl.GangCode IN ('INF','INT','AMC','HMC','B2N') OR gl.GangCode LIKE 'IN%' OR gl.GangCode LIKE 'INT%' OR gl.GangCode LIKE 'AMC%' OR gl.GangCode LIKE 'HMC%' OR gl.GangCode LIKE 'B2N%' OR gl.GangCode LIKE 'M%') OR COALESCE(g.Description, '') LIKE '%INFRA%' OR COALESCE(g.Description, '') LIKE '%WORKSHOP%' OR COALESCE(g.Description, '') LIKE '%NURSERY%' OR COALESCE(g.Description, '') LIKE '%MEC%' OR COALESCE(g.Description, '') LIKE '%MECHANIC%' OR COALESCE(g.Description, '') LIKE '%PKS%' OR COALESCE(g.Description, '') LIKE '%MILL%' OR COALESCE(g.Description, '') LIKE '%TRAKSI%')
[DataExtractor.getEmployees] isHistorical=false, gangCondition=((UPPER(RTRIM(g.LocCode)) IN ('PG2A','P2A')) OR UPPER(RTRIM(gl.GangCode)) IN ('C1B','C1H','C1HP','C1M','C1P','C1T','C2B','C2H','C2M','C2P','C2T','C3H','C3M','C3P','C3T')) AND NOT ((gl.GangCode IN ('INF','INT','AMC','HMC','B2N') OR gl.GangCode LIKE 'IN%' OR gl.GangCode LIKE 'INT%' OR gl.GangCode LIKE 'AMC%' OR gl.GangCode LIKE 'HMC%' OR gl.GangCode LIKE 'B2N%' OR gl.GangCode LIKE 'M%') OR COALESCE(g.Description, '') LIKE '%INFRA%' OR COALESCE(g.Description, '') LIKE '%WORKSHOP%' OR COALESCE(g.Description, '') LIKE '%NURSERY%' OR COALESCE(g.Description, '') LIKE '%MEC%' OR COALESCE(g.Description, '') LIKE '%MECHANIC%' OR COALESCE(g.Description, '') LIKE '%PKS%' OR COALESCE(g.Description, '') LIKE '%MILL%' OR COALESCE(g.Description, '') LIKE '%TRAKSI%')
[DivisionConfigService] Discovery complete for PG2B: Unique=10
[GangService] divisionConfigService returned 10 gangs for PG2B
[GangService] Returning 10 gangs.
[DataExtractor] allGangs.length=10, divisionCode=PG2B, gangCode=ALL
--- REFLI VERSION 1.1.0 ---
[DataExtractor] Division: PG2B, isVirtual: false, allGangs: 10
[DataExtractor] Final gangCondition: ((UPPER(RTRIM(g.LocCode)) IN ('PG2B','P2B')) OR UPPER(RTRIM(gl.GangCode)) IN ('D1H','D1M','D1P','D1T','D2B','D2H','D2M','D2P','D2T','K2H')) AND NOT ((gl.GangCode IN ('INF','INT','AMC','HMC','B2N') OR gl.GangCode LIKE 'IN%' OR gl.GangCode LIKE 'INT%' OR gl.GangCode LIKE 'AMC%' OR gl.GangCode LIKE 'HMC%' OR gl.GangCode LIKE 'B2N%' OR gl.GangCode LIKE 'M%') OR COALESCE(g.Description, '') LIKE '%INFRA%' OR COALESCE(g.Description, '') LIKE '%WORKSHOP%' OR COALESCE(g.Description, '') LIKE '%NURSERY%' OR COALESCE(g.Description, '') LIKE '%MEC%' OR COALESCE(g.Description, '') LIKE '%MECHANIC%' OR COALESCE(g.Description, '') LIKE '%PKS%' OR COALESCE(g.Description, '') LIKE '%MILL%' OR COALESCE(g.Description, '') LIKE '%TRAKSI%')
[DataExtractor.getEmployees] isHistorical=false, gangCondition=((UPPER(RTRIM(g.LocCode)) IN ('PG2B','P2B')) OR UPPER(RTRIM(gl.GangCode)) IN ('D1H','D1M','D1P','D1T','D2B','D2H','D2M','D2P','D2T','K2H')) AND NOT ((gl.GangCode IN ('INF','INT','AMC','HMC','B2N') OR gl.GangCode LIKE 'IN%' OR gl.GangCode LIKE 'INT%' OR gl.GangCode LIKE 'AMC%' OR gl.GangCode LIKE 'HMC%' OR gl.GangCode LIKE 'B2N%' OR gl.GangCode LIKE 'M%') OR COALESCE(g.Description, '') LIKE '%INFRA%' OR COALESCE(g.Description, '') LIKE '%WORKSHOP%' OR COALESCE(g.Description, '') LIKE '%NURSERY%' OR COALESCE(g.Description, '') LIKE '%MEC%' OR COALESCE(g.Description, '') LIKE '%MECHANIC%' OR COALESCE(g.Description, '') LIKE '%PKS%' OR COALESCE(g.Description, '') LIKE '%MILL%' OR COALESCE(g.Description, '') LIKE '%TRAKSI%')
[DataExtractor] Live active query returned 128 rows
[DataExtractor] De-duplicated results to 128 unique employees
[DataExtractor] Live active query returned 177 rows
[DataExtractor] De-duplicated results to 177 unique employees
[EmployeeEstateService] Final maps: empcodeMap=123, nikMap=123
[EmployeeEstateService] Final maps: empcodeMap=122, nikMap=122
[EmployeeEstateService] Final maps: empcodeMap=174, nikMap=174
[EmployeeEstateService] Final maps: empcodeMap=173, nikMap=173
[PtkpTaxService] Table history_ptkp_pajak assumed to exist (pre-created)
[PtkpTaxService] Table history_ptkp_pajak assumed to exist (pre-created)
[PayrollRoutes] /report/division-raw-tree RESULT | data_rows=125 gangs=9 | gangPrefix=undefined
[PayrollRoutes] division-raw-tree: division=PG2B, month=6, year=2026, gangPrefix=none
[PayrollRoutes] division-raw-tree: data_rows count=125, gangs count=9
[PayrollRoutes] division-raw-tree: dynamic_premi=11, dynamic_pot=4
[PayrollRoutes] division-raw-tree: returning response with 9 gangs
[PayrollRoutes] /report/division-raw-tree RESULT | data_rows=176 gangs=12 | gangPrefix=undefined
[PayrollRoutes] division-raw-tree: division=PG2A, month=6, year=2026, gangPrefix=none
[PayrollRoutes] division-raw-tree: data_rows count=176, gangs count=12
[PayrollRoutes] division-raw-tree: dynamic_premi=12, dynamic_pot=3
[PayrollRoutes] division-raw-tree: returning response with 12 gangs
[AuthService] Verifying token. Token starts with: dev-bypass...
[AuthService] Dev Bypass Token used. Granting ADMIN access.
[PayrollRoutes] /report/division-raw-tree | div=PGE month=6 year=2026 gangPrefix=none valuePriorityMode=non_db_ptrj DB_PROFILE=SERVER_PROFILE_2 useHistory=false RUN_MODE=prod
[GangService] fetchGangs triggered - Div: PGE, Search: undefined, Profile: SERVER_PROFILE_2, DB: db_ptrj
[DivisionConfigService] getGangsForDivision (Enhanced): PGE, resolved: PGE, type: real
[AuthService] Verifying token. Token starts with: dev-bypass...
[AuthService] Dev Bypass Token used. Granting ADMIN access.
[PayrollRoutes] /report/division-raw-tree | div=DME month=6 year=2026 gangPrefix=none valuePriorityMode=non_db_ptrj DB_PROFILE=SERVER_PROFILE_2 useHistory=false RUN_MODE=prod
[GangService] fetchGangs triggered - Div: DME, Search: undefined, Profile: SERVER_PROFILE_2, DB: db_ptrj
[DivisionConfigService] getGangsForDivision (Enhanced): DME, resolved: DME, type: real
[DivisionConfigService] Discovery complete for DME: Unique=12
[GangService] divisionConfigService returned 12 gangs for DME
[GangService] Returning 12 gangs.
[DataExtractor] allGangs.length=12, divisionCode=DME, gangCode=ALL
--- REFLI VERSION 1.1.0 ---
[DataExtractor] Division: DME, isVirtual: false, allGangs: 12
[DataExtractor] Final gangCondition: ((UPPER(RTRIM(g.LocCode)) IN ('DME')) OR UPPER(RTRIM(gl.GangCode)) IN ('E1H','E1M','E1P','E1T','E2H','E2M','E2P','E2T','E3H','E3M','E3P','E3T')) AND NOT ((gl.GangCode IN ('INF','INT','AMC','HMC','B2N') OR gl.GangCode LIKE 'IN%' OR gl.GangCode LIKE 'INT%' OR gl.GangCode LIKE 'AMC%' OR gl.GangCode LIKE 'HMC%' OR gl.GangCode LIKE 'B2N%' OR gl.GangCode LIKE 'M%') OR COALESCE(g.Description, '') LIKE '%INFRA%' OR COALESCE(g.Description, '') LIKE '%WORKSHOP%' OR COALESCE(g.Description, '') LIKE '%NURSERY%' OR COALESCE(g.Description, '') LIKE '%MEC%' OR COALESCE(g.Description, '') LIKE '%MECHANIC%' OR COALESCE(g.Description, '') LIKE '%PKS%' OR COALESCE(g.Description, '') LIKE '%MILL%' OR COALESCE(g.Description, '') LIKE '%TRAKSI%')
[DataExtractor.getEmployees] isHistorical=false, gangCondition=((UPPER(RTRIM(g.LocCode)) IN ('DME')) OR UPPER(RTRIM(gl.GangCode)) IN ('E1H','E1M','E1P','E1T','E2H','E2M','E2P','E2T','E3H','E3M','E3P','E3T')) AND NOT ((gl.GangCode IN ('INF','INT','AMC','HMC','B2N') OR gl.GangCode LIKE 'IN%' OR gl.GangCode LIKE 'INT%' OR gl.GangCode LIKE 'AMC%' OR gl.GangCode LIKE 'HMC%' OR gl.GangCode LIKE 'B2N%' OR gl.GangCode LIKE 'M%') OR COALESCE(g.Description, '') LIKE '%INFRA%' OR COALESCE(g.Description, '') LIKE '%WORKSHOP%' OR COALESCE(g.Description, '') LIKE '%NURSERY%' OR COALESCE(g.Description, '') LIKE '%MEC%' OR COALESCE(g.Description, '') LIKE '%MECHANIC%' OR COALESCE(g.Description, '') LIKE '%PKS%' OR COALESCE(g.Description, '') LIKE '%MILL%' OR COALESCE(g.Description, '') LIKE '%TRAKSI%')
[DivisionConfigService] Discovery complete for PGE: Unique=12
[GangService] divisionConfigService returned 12 gangs for PGE
[GangService] Returning 12 gangs.
[DataExtractor] allGangs.length=12, divisionCode=PGE, gangCode=ALL
--- REFLI VERSION 1.1.0 ---
[DataExtractor] Division: PGE, isVirtual: false, allGangs: 12
[DataExtractor] Final gangCondition: ((UPPER(RTRIM(g.LocCode)) IN ('PGE')) OR UPPER(RTRIM(gl.GangCode)) IN ('AST','BST','CST','DRV','DST','EST','FST','GST','HST','JST','OST','SEC')) AND NOT ((gl.GangCode IN ('INF','INT','AMC','HMC','B2N') OR gl.GangCode LIKE 'IN%' OR gl.GangCode LIKE 'INT%' OR gl.GangCode LIKE 'AMC%' OR gl.GangCode LIKE 'HMC%' OR gl.GangCode LIKE 'B2N%' OR gl.GangCode LIKE 'M%') OR COALESCE(g.Description, '') LIKE '%INFRA%' OR COALESCE(g.Description, '') LIKE '%WORKSHOP%' OR COALESCE(g.Description, '') LIKE '%NURSERY%' OR COALESCE(g.Description, '') LIKE '%MEC%' OR COALESCE(g.Description, '') LIKE '%MECHANIC%' OR COALESCE(g.Description, '') LIKE '%PKS%' OR COALESCE(g.Description, '') LIKE '%MILL%' OR COALESCE(g.Description, '') LIKE '%TRAKSI%')
[DataExtractor.getEmployees] isHistorical=false, gangCondition=((UPPER(RTRIM(g.LocCode)) IN ('PGE')) OR UPPER(RTRIM(gl.GangCode)) IN ('AST','BST','CST','DRV','DST','EST','FST','GST','HST','JST','OST','SEC')) AND NOT ((gl.GangCode IN ('INF','INT','AMC','HMC','B2N') OR gl.GangCode LIKE 'IN%' OR gl.GangCode LIKE 'INT%' OR gl.GangCode LIKE 'AMC%' OR gl.GangCode LIKE 'HMC%' OR gl.GangCode LIKE 'B2N%' OR gl.GangCode LIKE 'M%') OR COALESCE(g.Description, '') LIKE '%INFRA%' OR COALESCE(g.Description, '') LIKE '%WORKSHOP%' OR COALESCE(g.Description, '') LIKE '%NURSERY%' OR COALESCE(g.Description, '') LIKE '%MEC%' OR COALESCE(g.Description, '') LIKE '%MECHANIC%' OR COALESCE(g.Description, '') LIKE '%PKS%' OR COALESCE(g.Description, '') LIKE '%MILL%' OR COALESCE(g.Description, '') LIKE '%TRAKSI%')
[DataExtractor] Live active query returned 246 rows
[DataExtractor] De-duplicated results to 246 unique employees
[DataExtractor] Live active query returned 83 rows
[DataExtractor] De-duplicated results to 83 unique employees
[EmployeeEstateService] Final maps: empcodeMap=187, nikMap=187
[EmployeeEstateService] Final maps: empcodeMap=200, nikMap=200
[PtkpTaxService] Table history_ptkp_pajak assumed to exist (pre-created)
[PtkpTaxService] Table history_ptkp_pajak assumed to exist (pre-created)
[PayrollRoutes] /report/division-raw-tree RESULT | data_rows=187 gangs=12 | gangPrefix=undefined
[PayrollRoutes] division-raw-tree: division=DME, month=6, year=2026, gangPrefix=none
[PayrollRoutes] division-raw-tree: data_rows count=187, gangs count=12
[PayrollRoutes] division-raw-tree: dynamic_premi=10, dynamic_pot=1
[PayrollRoutes] division-raw-tree: returning response with 12 gangs
[PayrollRoutes] /report/division-raw-tree RESULT | data_rows=0 gangs=0 | gangPrefix=undefined
[PayrollRoutes] division-raw-tree: division=PGE, month=6, year=2026, gangPrefix=none
[PayrollRoutes] division-raw-tree: data_rows count=0, gangs count=0
[PayrollRoutes] division-raw-tree: dynamic_premi=0, dynamic_pot=0
[PayrollRoutes] division-raw-tree: returning response with 0 gangs
[AuthService] Verifying token. Token starts with: dev-bypass...
[AuthService] Dev Bypass Token used. Granting ADMIN access.
[PayrollRoutes] /report/division-raw-tree | div=ARA month=6 year=2026 gangPrefix=none valuePriorityMode=non_db_ptrj DB_PROFILE=SERVER_PROFILE_2 useHistory=false RUN_MODE=prod
[GangService] fetchGangs triggered - Div: ARA, Search: undefined, Profile: SERVER_PROFILE_2, DB: db_ptrj
[DivisionConfigService] getGangsForDivision (Enhanced): ARA, resolved: ARA, type: real
[AuthService] Verifying token. Token starts with: dev-bypass...
[AuthService] Dev Bypass Token used. Granting ADMIN access.
[PayrollRoutes] /report/division-raw-tree | div=ARB1 month=6 year=2026 gangPrefix=none valuePriorityMode=non_db_ptrj DB_PROFILE=SERVER_PROFILE_2 useHistory=false RUN_MODE=prod
[GangService] fetchGangs triggered - Div: ARB1, Search: undefined, Profile: SERVER_PROFILE_2, DB: db_ptrj
[DivisionConfigService] getGangsForDivision (Enhanced): ARB1, resolved: AB1, type: real
[DivisionConfigService] Discovery complete for AB1: Unique=8
[GangService] divisionConfigService returned 8 gangs for ARB1
[GangService] Returning 8 gangs.
[DataExtractor] allGangs.length=8, divisionCode=ARB1, gangCode=ALL
--- REFLI VERSION 1.1.0 ---
[DataExtractor] Division: ARB1, isVirtual: false, allGangs: 8
[DataExtractor] Final gangCondition: ((UPPER(RTRIM(g.LocCode)) IN ('AB1','ARB1')) OR UPPER(RTRIM(gl.GangCode)) IN ('G1H','G1M','G1P','G1T','G2H','G2M','G2P','G2T')) AND NOT ((gl.GangCode IN ('INF','INT','AMC','HMC','B2N') OR gl.GangCode LIKE 'IN%' OR gl.GangCode LIKE 'INT%' OR gl.GangCode LIKE 'AMC%' OR gl.GangCode LIKE 'HMC%' OR gl.GangCode LIKE 'B2N%' OR gl.GangCode LIKE 'M%') OR COALESCE(g.Description, '') LIKE '%INFRA%' OR COALESCE(g.Description, '') LIKE '%WORKSHOP%' OR COALESCE(g.Description, '') LIKE '%NURSERY%' OR COALESCE(g.Description, '') LIKE '%MEC%' OR COALESCE(g.Description, '') LIKE '%MECHANIC%' OR COALESCE(g.Description, '') LIKE '%PKS%' OR COALESCE(g.Description, '') LIKE '%MILL%' OR COALESCE(g.Description, '') LIKE '%TRAKSI%')
[DataExtractor.getEmployees] isHistorical=false, gangCondition=((UPPER(RTRIM(g.LocCode)) IN ('AB1','ARB1')) OR UPPER(RTRIM(gl.GangCode)) IN ('G1H','G1M','G1P','G1T','G2H','G2M','G2P','G2T')) AND NOT ((gl.GangCode IN ('INF','INT','AMC','HMC','B2N') OR gl.GangCode LIKE 'IN%' OR gl.GangCode LIKE 'INT%' OR gl.GangCode LIKE 'AMC%' OR gl.GangCode LIKE 'HMC%' OR gl.GangCode LIKE 'B2N%' OR gl.GangCode LIKE 'M%') OR COALESCE(g.Description, '') LIKE '%INFRA%' OR COALESCE(g.Description, '') LIKE '%WORKSHOP%' OR COALESCE(g.Description, '') LIKE '%NURSERY%' OR COALESCE(g.Description, '') LIKE '%MEC%' OR COALESCE(g.Description, '') LIKE '%MECHANIC%' OR COALESCE(g.Description, '') LIKE '%PKS%' OR COALESCE(g.Description, '') LIKE '%MILL%' OR COALESCE(g.Description, '') LIKE '%TRAKSI%')
[DivisionConfigService] Discovery complete for ARA: Unique=12
[GangService] divisionConfigService returned 11 gangs for ARA
[GangService] Returning 11 gangs.
[DataExtractor] allGangs.length=11, divisionCode=ARA, gangCode=ALL
--- REFLI VERSION 1.1.0 ---
[DataExtractor] Division: ARA, isVirtual: false, allGangs: 11
[DataExtractor] Final gangCondition: ((UPPER(RTRIM(g.LocCode)) IN ('ARA')) OR UPPER(RTRIM(gl.GangCode)) IN ('F1','F1C','F1H','F1M','F1P','F1T','F2','F2H','F2M','F2P','F2T')) AND NOT ((gl.GangCode IN ('INF','INT','AMC','HMC','B2N') OR gl.GangCode LIKE 'IN%' OR gl.GangCode LIKE 'INT%' OR gl.GangCode LIKE 'AMC%' OR gl.GangCode LIKE 'HMC%' OR gl.GangCode LIKE 'B2N%' OR gl.GangCode LIKE 'M%') OR COALESCE(g.Description, '') LIKE '%INFRA%' OR COALESCE(g.Description, '') LIKE '%WORKSHOP%' OR COALESCE(g.Description, '') LIKE '%NURSERY%' OR COALESCE(g.Description, '') LIKE '%MEC%' OR COALESCE(g.Description, '') LIKE '%MECHANIC%' OR COALESCE(g.Description, '') LIKE '%PKS%' OR COALESCE(g.Description, '') LIKE '%MILL%' OR COALESCE(g.Description, '') LIKE '%TRAKSI%')
[DataExtractor.getEmployees] isHistorical=false, gangCondition=((UPPER(RTRIM(g.LocCode)) IN ('ARA')) OR UPPER(RTRIM(gl.GangCode)) IN ('F1','F1C','F1H','F1M','F1P','F1T','F2','F2H','F2M','F2P','F2T')) AND NOT ((gl.GangCode IN ('INF','INT','AMC','HMC','B2N') OR gl.GangCode LIKE 'IN%' OR gl.GangCode LIKE 'INT%' OR gl.GangCode LIKE 'AMC%' OR gl.GangCode LIKE 'HMC%' OR gl.GangCode LIKE 'B2N%' OR gl.GangCode LIKE 'M%') OR COALESCE(g.Description, '') LIKE '%INFRA%' OR COALESCE(g.Description, '') LIKE '%WORKSHOP%' OR COALESCE(g.Description, '') LIKE '%NURSERY%' OR COALESCE(g.Description, '') LIKE '%MEC%' OR COALESCE(g.Description, '') LIKE '%MECHANIC%' OR COALESCE(g.Description, '') LIKE '%PKS%' OR COALESCE(g.Description, '') LIKE '%MILL%' OR COALESCE(g.Description, '') LIKE '%TRAKSI%')
[DataExtractor] Live active query returned 138 rows
[DataExtractor] De-duplicated results to 138 unique employees
[DataExtractor] Live active query returned 183 rows
[DataExtractor] De-duplicated results to 183 unique employees
[EmployeeEstateService] Final maps: empcodeMap=136, nikMap=136
[EmployeeEstateService] Final maps: empcodeMap=138, nikMap=138
[EmployeeEstateService] Final maps: empcodeMap=157, nikMap=157
[EmployeeEstateService] Final maps: empcodeMap=142, nikMap=142
[PtkpTaxService] Table history_ptkp_pajak assumed to exist (pre-created)
[PtkpTaxService] Table history_ptkp_pajak assumed to exist (pre-created)
[PayrollRoutes] /report/division-raw-tree RESULT | data_rows=136 gangs=8 | gangPrefix=undefined
[PayrollRoutes] division-raw-tree: division=ARB1, month=6, year=2026, gangPrefix=none
[PayrollRoutes] division-raw-tree: data_rows count=136, gangs count=8
[PayrollRoutes] division-raw-tree: dynamic_premi=11, dynamic_pot=4
[PayrollRoutes] division-raw-tree: returning response with 8 gangs
[PayrollRoutes] /report/division-raw-tree RESULT | data_rows=142 gangs=8 | gangPrefix=undefined
[PayrollRoutes] division-raw-tree: division=ARA, month=6, year=2026, gangPrefix=none
[PayrollRoutes] division-raw-tree: data_rows count=142, gangs count=8
[PayrollRoutes] division-raw-tree: dynamic_premi=6, dynamic_pot=3
[PayrollRoutes] division-raw-tree: returning response with 8 gangs
[AuthService] Verifying token. Token starts with: dev-bypass...
[AuthService] Dev Bypass Token used. Granting ADMIN access.
[PayrollRoutes] /report/division-raw-tree | div=ARB2 month=6 year=2026 gangPrefix=none valuePriorityMode=non_db_ptrj DB_PROFILE=SERVER_PROFILE_2 useHistory=false RUN_MODE=prod
[GangService] fetchGangs triggered - Div: ARB2, Search: undefined, Profile: SERVER_PROFILE_2, DB: db_ptrj
[DivisionConfigService] getGangsForDivision (Enhanced): ARB2, resolved: AB2, type: real
[AuthService] Verifying token. Token starts with: dev-bypass...
[AuthService] Dev Bypass Token used. Granting ADMIN access.
[PayrollRoutes] /report/division-raw-tree | div=INFRA month=6 year=2026 gangPrefix=none valuePriorityMode=non_db_ptrj DB_PROFILE=SERVER_PROFILE_2 useHistory=false RUN_MODE=prod
[GangService] fetchGangs triggered - Div: INFRA, Search: undefined, Profile: SERVER_PROFILE_2, DB: db_ptrj
[DivisionConfigService] getGangsForDivision (Enhanced): INFRA, resolved: INF, type: virtual
[DivisionConfigService] Discovery complete for AB2: Unique=11
[GangService] divisionConfigService returned 10 gangs for ARB2
[GangService] Returning 10 gangs.
[DataExtractor] allGangs.length=10, divisionCode=ARB2, gangCode=ALL
--- REFLI VERSION 1.1.0 ---
[DataExtractor] Division: ARB2, isVirtual: false, allGangs: 10
[DataExtractor] Final gangCondition: ((UPPER(RTRIM(g.LocCode)) IN ('ARB2')) OR UPPER(RTRIM(gl.GangCode)) IN ('H1H','H1HL','H1L','H1M','H1P','H1T','H2H','H2L','H2M','H2T')) AND NOT ((gl.GangCode IN ('INF','INT','AMC','HMC','B2N') OR gl.GangCode LIKE 'IN%' OR gl.GangCode LIKE 'INT%' OR gl.GangCode LIKE 'AMC%' OR gl.GangCode LIKE 'HMC%' OR gl.GangCode LIKE 'B2N%' OR gl.GangCode LIKE 'M%') OR COALESCE(g.Description, '') LIKE '%INFRA%' OR COALESCE(g.Description, '') LIKE '%WORKSHOP%' OR COALESCE(g.Description, '') LIKE '%NURSERY%' OR COALESCE(g.Description, '') LIKE '%MEC%' OR COALESCE(g.Description, '') LIKE '%MECHANIC%' OR COALESCE(g.Description, '') LIKE '%PKS%' OR COALESCE(g.Description, '') LIKE '%MILL%' OR COALESCE(g.Description, '') LIKE '%TRAKSI%')
[DataExtractor.getEmployees] isHistorical=false, gangCondition=((UPPER(RTRIM(g.LocCode)) IN ('ARB2')) OR UPPER(RTRIM(gl.GangCode)) IN ('H1H','H1HL','H1L','H1M','H1P','H1T','H2H','H2L','H2M','H2T')) AND NOT ((gl.GangCode IN ('INF','INT','AMC','HMC','B2N') OR gl.GangCode LIKE 'IN%' OR gl.GangCode LIKE 'INT%' OR gl.GangCode LIKE 'AMC%' OR gl.GangCode LIKE 'HMC%' OR gl.GangCode LIKE 'B2N%' OR gl.GangCode LIKE 'M%') OR COALESCE(g.Description, '') LIKE '%INFRA%' OR COALESCE(g.Description, '') LIKE '%WORKSHOP%' OR COALESCE(g.Description, '') LIKE '%NURSERY%' OR COALESCE(g.Description, '') LIKE '%MEC%' OR COALESCE(g.Description, '') LIKE '%MECHANIC%' OR COALESCE(g.Description, '') LIKE '%PKS%' OR COALESCE(g.Description, '') LIKE '%MILL%' OR COALESCE(g.Description, '') LIKE '%TRAKSI%')
[DivisionConfigService] Discovery complete for INF: Unique=19
[GangService] divisionConfigService returned 4 gangs for INFRA
[GangService] Returning 4 gangs.
[DataExtractor] allGangs.length=4, divisionCode=INFRA, gangCode=ALL
--- REFLI VERSION 1.1.0 ---
[DataExtractor] Division: INFRA, isVirtual: true, allGangs: 4
[DataExtractor] Final gangCondition: (UPPER(RTRIM(gl.GangCode)) IN ('INF', 'INT') OR UPPER(RTRIM(g.GangCode)) IN ('INF', 'INT'))
[DataExtractor.getEmployees] isHistorical=false, gangCondition=(UPPER(RTRIM(gl.GangCode)) IN ('INF', 'INT') OR UPPER(RTRIM(g.GangCode)) IN ('INF', 'INT'))
[DataExtractor] Live active query returned 120 rows
[DataExtractor] De-duplicated results to 120 unique employees
[DataExtractor] Live active query returned 27 rows
[DataExtractor] De-duplicated results to 27 unique employees
[EmployeeEstateService] Final maps: empcodeMap=27, nikMap=27
[EmployeeEstateService] Final maps: empcodeMap=27, nikMap=27
[EmployeeEstateService] Final maps: empcodeMap=110, nikMap=110
[EmployeeEstateService] Final maps: empcodeMap=110, nikMap=110
[PtkpTaxService] Table history_ptkp_pajak assumed to exist (pre-created)
[PtkpTaxService] Table history_ptkp_pajak assumed to exist (pre-created)
[THR DEBUG A0778] empNik="1902052707850001", empCode="A0778", nikNameKey="1902052707850001||SURATMAN", empName="SURATMAN"
[THR DEBUG A0778] map.size=571
[THR DEBUG A0778] Level1(NIK)="1902052707850001" → NOT FOUND
[THR DEBUG A0778] Level2(NIK+NAME)="1902052707850001||SURATMAN" → NOT FOUND
[THR DEBUG A0778] Level3(EC)="A0778" → NOT FOUND
[THR DEBUG A0778] Level4(NAME)="SURATMAN" → NOT FOUND
[THR DEBUG A0778] Keys containing target NIK substring: []
[THR DEBUG A0778] First 10 map keys: ["1902011904840004","J0049","1906030107950018","J0051","1906030104910001","J0053","1906030305780003","J0056","1906022901980003","J0058","5203191207760003","J0060","5203013112740153","J0144","1906031707900004","J0146","1214011206940001","J0150","1906011911770007","J0151"]
[THR DEBUG A0778] FINAL RESULT: empOtherIncomes=0 entries
[THR DEBUG A0778] FINAL: getOiByType('THR')=0, taxable=0
[PayrollRoutes] /report/division-raw-tree RESULT | data_rows=27 gangs=2 | gangPrefix=undefined
[PayrollRoutes] division-raw-tree: division=INFRA, month=6, year=2026, gangPrefix=none
[PayrollRoutes] division-raw-tree: data_rows count=27, gangs count=2
[PayrollRoutes] division-raw-tree: dynamic_premi=3, dynamic_pot=0
[PayrollRoutes] division-raw-tree: returning response with 2 gangs
[PayrollRoutes] /report/division-raw-tree RESULT | data_rows=120 gangs=8 | gangPrefix=undefined
[PayrollRoutes] division-raw-tree: division=ARB2, month=6, year=2026, gangPrefix=none
[PayrollRoutes] division-raw-tree: data_rows count=120, gangs count=8
[PayrollRoutes] division-raw-tree: dynamic_premi=10, dynamic_pot=3
[PayrollRoutes] division-raw-tree: returning response with 8 gangs
[AuthService] Verifying token. Token starts with: dev-bypass...
[AuthService] Dev Bypass Token used. Granting ADMIN access.
[PayrollRoutes] /report/division-raw-tree | div=IJL month=6 year=2026 gangPrefix=none valuePriorityMode=non_db_ptrj DB_PROFILE=SERVER_PROFILE_2 useHistory=false RUN_MODE=prod
[GangService] fetchGangs triggered - Div: IJL, Search: undefined, Profile: SERVER_PROFILE_2, DB: db_ptrj
[DivisionConfigService] getGangsForDivision (Enhanced): IJL, resolved: IJL, type: real
[AuthService] Verifying token. Token starts with: dev-bypass...
[AuthService] Dev Bypass Token used. Granting ADMIN access.
[PayrollRoutes] /report/division-raw-tree | div=STF-OFFICE month=6 year=2026 gangPrefix=none valuePriorityMode=non_db_ptrj DB_PROFILE=SERVER_PROFILE_2 useHistory=false RUN_MODE=prod
[GangService] fetchGangs triggered - Div: STF-OFFICE, Search: undefined, Profile: SERVER_PROFILE_2, DB: db_ptrj
[DivisionConfigService] getGangsForDivision (Enhanced): STF-OFFICE, resolved: undefined, type: undefined
[GangService] divisionConfigService returned 0 gangs for STF-OFFICE
[GangService] Returning 0 gangs.
[DataExtractor] allGangs.length=0, divisionCode=STF-OFFICE, gangCode=ALL
--- REFLI VERSION 1.1.0 ---
[DataExtractor] Division: STF-OFFICE, isVirtual: false, allGangs: 0
[DataExtractor] Final gangCondition: (UPPER(RTRIM(g.LocCode)) IN ('STF-OFFICE')) AND NOT ((gl.GangCode IN ('INF','INT','AMC','HMC','B2N') OR gl.GangCode LIKE 'IN%' OR gl.GangCode LIKE 'INT%' OR gl.GangCode LIKE 'AMC%' OR gl.GangCode LIKE 'HMC%' OR gl.GangCode LIKE 'B2N%' OR gl.GangCode LIKE 'M%') OR COALESCE(g.Description, '') LIKE '%INFRA%' OR COALESCE(g.Description, '') LIKE '%WORKSHOP%' OR COALESCE(g.Description, '') LIKE '%NURSERY%' OR COALESCE(g.Description, '') LIKE '%MEC%' OR COALESCE(g.Description, '') LIKE '%MECHANIC%' OR COALESCE(g.Description, '') LIKE '%PKS%' OR COALESCE(g.Description, '') LIKE '%MILL%' OR COALESCE(g.Description, '') LIKE '%TRAKSI%')
[DataExtractor.getEmployees] isHistorical=false, gangCondition=(UPPER(RTRIM(g.LocCode)) IN ('STF-OFFICE')) AND NOT ((gl.GangCode IN ('INF','INT','AMC','HMC','B2N') OR gl.GangCode LIKE 'IN%' OR gl.GangCode LIKE 'INT%' OR gl.GangCode LIKE 'AMC%' OR gl.GangCode LIKE 'HMC%' OR gl.GangCode LIKE 'B2N%' OR gl.GangCode LIKE 'M%') OR COALESCE(g.Description, '') LIKE '%INFRA%' OR COALESCE(g.Description, '') LIKE '%WORKSHOP%' OR COALESCE(g.Description, '') LIKE '%NURSERY%' OR COALESCE(g.Description, '') LIKE '%MEC%' OR COALESCE(g.Description, '') LIKE '%MECHANIC%' OR COALESCE(g.Description, '') LIKE '%PKS%' OR COALESCE(g.Description, '') LIKE '%MILL%' OR COALESCE(g.Description, '') LIKE '%TRAKSI%')
[DataExtractor] Live active query returned 0 rows
[DataExtractor] Live query returned 0 rows. Attempting ARC fallback for 6/2026...
[DivisionConfigService] Discovery complete for IJL: Unique=3
[GangService] divisionConfigService returned 3 gangs for IJL
[GangService] Returning 3 gangs.
[DataExtractor] allGangs.length=3, divisionCode=IJL, gangCode=ALL
--- REFLI VERSION 1.1.0 ---
[DataExtractor] Division: IJL, isVirtual: false, allGangs: 3
[DataExtractor] Final gangCondition: ((UPPER(RTRIM(g.LocCode)) IN ('IJL')) OR UPPER(RTRIM(gl.GangCode)) IN ('L1H','L1M','L1T')) AND NOT ((gl.GangCode IN ('INF','INT','AMC','HMC','B2N') OR gl.GangCode LIKE 'IN%' OR gl.GangCode LIKE 'INT%' OR gl.GangCode LIKE 'AMC%' OR gl.GangCode LIKE 'HMC%' OR gl.GangCode LIKE 'B2N%' OR gl.GangCode LIKE 'M%') OR COALESCE(g.Description, '') LIKE '%INFRA%' OR COALESCE(g.Description, '') LIKE '%WORKSHOP%' OR COALESCE(g.Description, '') LIKE '%NURSERY%' OR COALESCE(g.Description, '') LIKE '%MEC%' OR COALESCE(g.Description, '') LIKE '%MECHANIC%' OR COALESCE(g.Description, '') LIKE '%PKS%' OR COALESCE(g.Description, '') LIKE '%MILL%' OR COALESCE(g.Description, '') LIKE '%TRAKSI%')
[DataExtractor.getEmployees] isHistorical=false, gangCondition=((UPPER(RTRIM(g.LocCode)) IN ('IJL')) OR UPPER(RTRIM(gl.GangCode)) IN ('L1H','L1M','L1T')) AND NOT ((gl.GangCode IN ('INF','INT','AMC','HMC','B2N') OR gl.GangCode LIKE 'IN%' OR gl.GangCode LIKE 'INT%' OR gl.GangCode LIKE 'AMC%' OR gl.GangCode LIKE 'HMC%' OR gl.GangCode LIKE 'B2N%' OR gl.GangCode LIKE 'M%') OR COALESCE(g.Description, '') LIKE '%INFRA%' OR COALESCE(g.Description, '') LIKE '%WORKSHOP%' OR COALESCE(g.Description, '') LIKE '%NURSERY%' OR COALESCE(g.Description, '') LIKE '%MEC%' OR COALESCE(g.Description, '') LIKE '%MECHANIC%' OR COALESCE(g.Description, '') LIKE '%PKS%' OR COALESCE(g.Description, '') LIKE '%MILL%' OR COALESCE(g.Description, '') LIKE '%TRAKSI%')
[DataExtractor] Live active query returned 47 rows
[DataExtractor] De-duplicated results to 47 unique employees
[EmployeeEstateService] Final maps: empcodeMap=46, nikMap=46
[EmployeeEstateService] Final maps: empcodeMap=43, nikMap=43
[PtkpTaxService] Table history_ptkp_pajak assumed to exist (pre-created)
[DataExtractor] De-duplicated results to 0 unique employees
[DataExtractor] No employees found! gangCondition=(UPPER(RTRIM(g.LocCode)) IN ('STF-OFFICE')) AND NOT ((gl.GangCode IN ('INF','INT','AMC','HMC','B2N') OR gl.GangCode LIKE 'IN%' OR gl.GangCode LIKE 'INT%' OR gl.GangCode LIKE 'AMC%' OR gl.GangCode LIKE 'HMC%' OR gl.GangCode LIKE 'B2N%' OR gl.GangCode LIKE 'M%') OR COALESCE(g.Description, '') LIKE '%INFRA%' OR COALESCE(g.Description, '') LIKE '%WORKSHOP%' OR COALESCE(g.Description, '') LIKE '%NURSERY%' OR COALESCE(g.Description, '') LIKE '%MEC%' OR COALESCE(g.Description, '') LIKE '%MECHANIC%' OR COALESCE(g.Description, '') LIKE '%PKS%' OR COALESCE(g.Description, '') LIKE '%MILL%' OR COALESCE(g.Description, '') LIKE '%TRAKSI%'), gangCode=ALL, divisionCode=STF-OFFICE, isHistorical=false
[PayrollRoutes] /report/division-raw-tree RESULT | data_rows=0 gangs=0 | gangPrefix=undefined
[PayrollRoutes] division-raw-tree: division=STF-OFFICE, month=6, year=2026, gangPrefix=none
[PayrollRoutes] division-raw-tree: data_rows count=0, gangs count=0
[PayrollRoutes] division-raw-tree: dynamic_premi=0, dynamic_pot=0
[PayrollRoutes] division-raw-tree: returning response with 0 gangs
[PayrollRoutes] /report/division-raw-tree RESULT | data_rows=44 gangs=3 | gangPrefix=undefined
[PayrollRoutes] division-raw-tree: division=IJL, month=6, year=2026, gangPrefix=none
[PayrollRoutes] division-raw-tree: data_rows count=44, gangs count=3
[PayrollRoutes] division-raw-tree: dynamic_premi=6, dynamic_pot=0
[PayrollRoutes] division-raw-tree: returning response with 3 gangs
[AuthService] Verifying token. Token starts with: dev-bypass...
[AuthService] Dev Bypass Token used. Granting ADMIN access.
[PayrollRoutes] /report/division-raw-tree | div=SECURITY month=6 year=2026 gangPrefix=none valuePriorityMode=non_db_ptrj DB_PROFILE=SERVER_PROFILE_2 useHistory=false RUN_MODE=prod
[GangService] fetchGangs triggered - Div: SECURITY, Search: undefined, Profile: SERVER_PROFILE_2, DB: db_ptrj
[DivisionConfigService] getGangsForDivision (Enhanced): SECURITY, resolved: undefined, type: undefined
[GangService] divisionConfigService returned 0 gangs for SECURITY
[GangService] Returning 0 gangs.
[DataExtractor] allGangs.length=0, divisionCode=SECURITY, gangCode=ALL
--- REFLI VERSION 1.1.0 ---
[DataExtractor] Division: SECURITY, isVirtual: false, allGangs: 0
[DataExtractor] Final gangCondition: (UPPER(RTRIM(g.LocCode)) IN ('SECURITY')) AND NOT ((gl.GangCode IN ('INF','INT','AMC','HMC','B2N') OR gl.GangCode LIKE 'IN%' OR gl.GangCode LIKE 'INT%' OR gl.GangCode LIKE 'AMC%' OR gl.GangCode LIKE 'HMC%' OR gl.GangCode LIKE 'B2N%' OR gl.GangCode LIKE 'M%') OR COALESCE(g.Description, '') LIKE '%INFRA%' OR COALESCE(g.Description, '') LIKE '%WORKSHOP%' OR COALESCE(g.Description, '') LIKE '%NURSERY%' OR COALESCE(g.Description, '') LIKE '%MEC%' OR COALESCE(g.Description, '') LIKE '%MECHANIC%' OR COALESCE(g.Description, '') LIKE '%PKS%' OR COALESCE(g.Description, '') LIKE '%MILL%' OR COALESCE(g.Description, '') LIKE '%TRAKSI%')
[DataExtractor.getEmployees] isHistorical=false, gangCondition=(UPPER(RTRIM(g.LocCode)) IN ('SECURITY')) AND NOT ((gl.GangCode IN ('INF','INT','AMC','HMC','B2N') OR gl.GangCode LIKE 'IN%' OR gl.GangCode LIKE 'INT%' OR gl.GangCode LIKE 'AMC%' OR gl.GangCode LIKE 'HMC%' OR gl.GangCode LIKE 'B2N%' OR gl.GangCode LIKE 'M%') OR COALESCE(g.Description, '') LIKE '%INFRA%' OR COALESCE(g.Description, '') LIKE '%WORKSHOP%' OR COALESCE(g.Description, '') LIKE '%NURSERY%' OR COALESCE(g.Description, '') LIKE '%MEC%' OR COALESCE(g.Description, '') LIKE '%MECHANIC%' OR COALESCE(g.Description, '') LIKE '%PKS%' OR COALESCE(g.Description, '') LIKE '%MILL%' OR COALESCE(g.Description, '') LIKE '%TRAKSI%')
[AuthService] Verifying token. Token starts with: dev-bypass...
[AuthService] Dev Bypass Token used. Granting ADMIN access.
[PayrollRoutes] /report/division-raw-tree | div=ARC month=6 year=2026 gangPrefix=none valuePriorityMode=non_db_ptrj DB_PROFILE=SERVER_PROFILE_2 useHistory=false RUN_MODE=prod
[GangService] fetchGangs triggered - Div: ARC, Search: undefined, Profile: SERVER_PROFILE_2, DB: db_ptrj
[DivisionConfigService] getGangsForDivision (Enhanced): ARC, resolved: ARC, type: real
[DivisionConfigService] Discovery complete for ARC: Unique=18
[GangService] divisionConfigService returned 18 gangs for ARC
[GangService] Returning 18 gangs.
[DataExtractor] allGangs.length=18, divisionCode=ARC, gangCode=ALL
--- REFLI VERSION 1.1.0 ---
[DataExtractor] Division: ARC, isVirtual: false, allGangs: 18
[DataExtractor] Final gangCondition: ((UPPER(RTRIM(g.LocCode)) IN ('ARC','AREC')) OR UPPER(RTRIM(gl.GangCode)) IN ('J1H','J1M','J1P','J1T','J1U','J2H','J2M','J2P','J2T','J3H','J3M','J3P','J3T','J3U','J4H','J4M','J4P','J4T')) AND NOT ((gl.GangCode IN ('INF','INT','AMC','HMC','B2N') OR gl.GangCode LIKE 'IN%' OR gl.GangCode LIKE 'INT%' OR gl.GangCode LIKE 'AMC%' OR gl.GangCode LIKE 'HMC%' OR gl.GangCode LIKE 'B2N%' OR gl.GangCode LIKE 'M%') OR COALESCE(g.Description, '') LIKE '%INFRA%' OR COALESCE(g.Description, '') LIKE '%WORKSHOP%' OR COALESCE(g.Description, '') LIKE '%NURSERY%' OR COALESCE(g.Description, '') LIKE '%MEC%' OR COALESCE(g.Description, '') LIKE '%MECHANIC%' OR COALESCE(g.Description, '') LIKE '%PKS%' OR COALESCE(g.Description, '') LIKE '%MILL%' OR COALESCE(g.Description, '') LIKE '%TRAKSI%')
[DataExtractor.getEmployees] isHistorical=false, gangCondition=((UPPER(RTRIM(g.LocCode)) IN ('ARC','AREC')) OR UPPER(RTRIM(gl.GangCode)) IN ('J1H','J1M','J1P','J1T','J1U','J2H','J2M','J2P','J2T','J3H','J3M','J3P','J3T','J3U','J4H','J4M','J4P','J4T')) AND NOT ((gl.GangCode IN ('INF','INT','AMC','HMC','B2N') OR gl.GangCode LIKE 'IN%' OR gl.GangCode LIKE 'INT%' OR gl.GangCode LIKE 'AMC%' OR gl.GangCode LIKE 'HMC%' OR gl.GangCode LIKE 'B2N%' OR gl.GangCode LIKE 'M%') OR COALESCE(g.Description, '') LIKE '%INFRA%' OR COALESCE(g.Description, '') LIKE '%WORKSHOP%' OR COALESCE(g.Description, '') LIKE '%NURSERY%' OR COALESCE(g.Description, '') LIKE '%MEC%' OR COALESCE(g.Description, '') LIKE '%MECHANIC%' OR COALESCE(g.Description, '') LIKE '%PKS%' OR COALESCE(g.Description, '') LIKE '%MILL%' OR COALESCE(g.Description, '') LIKE '%TRAKSI%')
[DataExtractor] Live active query returned 0 rows
[DataExtractor] Live query returned 0 rows. Attempting ARC fallback for 6/2026...
[DataExtractor] Live active query returned 274 rows
[DataExtractor] De-duplicated results to 274 unique employees
[EmployeeEstateService] Final maps: empcodeMap=274, nikMap=273
[EmployeeEstateService] Final maps: empcodeMap=274, nikMap=273
[DataExtractor] De-duplicated results to 0 unique employees
[DataExtractor] No employees found! gangCondition=(UPPER(RTRIM(g.LocCode)) IN ('SECURITY')) AND NOT ((gl.GangCode IN ('INF','INT','AMC','HMC','B2N') OR gl.GangCode LIKE 'IN%' OR gl.GangCode LIKE 'INT%' OR gl.GangCode LIKE 'AMC%' OR gl.GangCode LIKE 'HMC%' OR gl.GangCode LIKE 'B2N%' OR gl.GangCode LIKE 'M%') OR COALESCE(g.Description, '') LIKE '%INFRA%' OR COALESCE(g.Description, '') LIKE '%WORKSHOP%' OR COALESCE(g.Description, '') LIKE '%NURSERY%' OR COALESCE(g.Description, '') LIKE '%MEC%' OR COALESCE(g.Description, '') LIKE '%MECHANIC%' OR COALESCE(g.Description, '') LIKE '%PKS%' OR COALESCE(g.Description, '') LIKE '%MILL%' OR COALESCE(g.Description, '') LIKE '%TRAKSI%'), gangCode=ALL, divisionCode=SECURITY, isHistorical=false
[PayrollRoutes] /report/division-raw-tree RESULT | data_rows=0 gangs=0 | gangPrefix=undefined
[PayrollRoutes] division-raw-tree: division=SECURITY, month=6, year=2026, gangPrefix=none
[PayrollRoutes] division-raw-tree: data_rows count=0, gangs count=0
[PayrollRoutes] division-raw-tree: dynamic_premi=0, dynamic_pot=0
[PayrollRoutes] division-raw-tree: returning response with 0 gangs
[PayrollRoutes] /report/division-raw-tree | div=PG1A month=6 year=2026 gangPrefix=none valuePriorityMode=non_db_ptrj DB_PROFILE=SERVER_PROFILE_2 useHistory=false RUN_MODE=prod
[GangService] fetchGangs triggered - Div: PG1A, Search: undefined, Profile: SERVER_PROFILE_2, DB: db_ptrj
[DivisionConfigService] getGangsForDivision (Enhanced): PG1A, resolved: PG1A, type: real
[DivisionConfigService] Discovery complete for PG1A: Unique=20
[GangService] divisionConfigService returned 14 gangs for PG1A
[GangService] Returning 14 gangs.
[DataExtractor] allGangs.length=14, divisionCode=PG1A, gangCode=ALL
--- REFLI VERSION 1.1.0 ---
[DataExtractor] Division: PG1A, isVirtual: false, allGangs: 14
[DataExtractor] Final gangCondition: ((UPPER(RTRIM(g.LocCode)) IN ('PG1A','P1A')) OR UPPER(RTRIM(gl.GangCode)) IN ('A1H','A1M','A1P','A1T','A2H','A2M','A2N','A2P','A2T','A3H','A3M','A3P','A3T','F1BHL')) AND NOT ((gl.GangCode IN ('INF','INT','AMC','HMC','B2N') OR gl.GangCode LIKE 'IN%' OR gl.GangCode LIKE 'INT%' OR gl.GangCode LIKE 'AMC%' OR gl.GangCode LIKE 'HMC%' OR gl.GangCode LIKE 'B2N%' OR gl.GangCode LIKE 'M%') OR COALESCE(g.Description, '') LIKE '%INFRA%' OR COALESCE(g.Description, '') LIKE '%WORKSHOP%' OR COALESCE(g.Description, '') LIKE '%NURSERY%' OR COALESCE(g.Description, '') LIKE '%MEC%' OR COALESCE(g.Description, '') LIKE '%MECHANIC%' OR COALESCE(g.Description, '') LIKE '%PKS%' OR COALESCE(g.Description, '') LIKE '%MILL%' OR COALESCE(g.Description, '') LIKE '%TRAKSI%')
[DataExtractor.getEmployees] isHistorical=false, gangCondition=((UPPER(RTRIM(g.LocCode)) IN ('PG1A','P1A')) OR UPPER(RTRIM(gl.GangCode)) IN ('A1H','A1M','A1P','A1T','A2H','A2M','A2N','A2P','A2T','A3H','A3M','A3P','A3T','F1BHL')) AND NOT ((gl.GangCode IN ('INF','INT','AMC','HMC','B2N') OR gl.GangCode LIKE 'IN%' OR gl.GangCode LIKE 'INT%' OR gl.GangCode LIKE 'AMC%' OR gl.GangCode LIKE 'HMC%' OR gl.GangCode LIKE 'B2N%' OR gl.GangCode LIKE 'M%') OR COALESCE(g.Description, '') LIKE '%INFRA%' OR COALESCE(g.Description, '') LIKE '%WORKSHOP%' OR COALESCE(g.Description, '') LIKE '%NURSERY%' OR COALESCE(g.Description, '') LIKE '%MEC%' OR COALESCE(g.Description, '') LIKE '%MECHANIC%' OR COALESCE(g.Description, '') LIKE '%PKS%' OR COALESCE(g.Description, '') LIKE '%MILL%' OR COALESCE(g.Description, '') LIKE '%TRAKSI%')
[DataExtractor] Live active query returned 188 rows
[DataExtractor] De-duplicated results to 188 unique employees
[EmployeeEstateService] Final maps: empcodeMap=178, nikMap=178
[EmployeeEstateService] Final maps: empcodeMap=178, nikMap=178
[PtkpTaxService] Table history_ptkp_pajak assumed to exist (pre-created)
[PtkpTaxService] Table history_ptkp_pajak assumed to exist (pre-created)
[PayrollRoutes] /report/division-raw-tree RESULT | data_rows=274 gangs=12 | gangPrefix=undefined
[PayrollRoutes] division-raw-tree: division=ARC, month=6, year=2026, gangPrefix=none
[PayrollRoutes] division-raw-tree: data_rows count=274, gangs count=12
[PayrollRoutes] division-raw-tree: dynamic_premi=12, dynamic_pot=3
[PayrollRoutes] division-raw-tree: returning response with 12 gangs
[AuthService] Verifying token. Token starts with: dev-bypass...
[AuthService] Dev Bypass Token used. Granting ADMIN access.
[PayrollRoutes] /report/division-raw-tree | div=P1A month=6 year=2026 gangPrefix=none valuePriorityMode=non_db_ptrj DB_PROFILE=SERVER_PROFILE_2 useHistory=false RUN_MODE=prod
[GangService] fetchGangs triggered - Div: P1A, Search: undefined, Profile: SERVER_PROFILE_2, DB: db_ptrj
[DivisionConfigService] getGangsForDivision (Enhanced): P1A, resolved: PG1A, type: real
[AuthService] Verifying token. Token starts with: dev-bypass...
[AuthService] Dev Bypass Token used. Granting ADMIN access.
[PayrollRoutes] /report/division-raw-tree | div=P1B month=6 year=2026 gangPrefix=none valuePriorityMode=non_db_ptrj DB_PROFILE=SERVER_PROFILE_2 useHistory=false RUN_MODE=prod
[GangService] fetchGangs triggered - Div: P1B, Search: undefined, Profile: SERVER_PROFILE_2, DB: db_ptrj
[DivisionConfigService] getGangsForDivision (Enhanced): P1B, resolved: PG1B, type: real
[DivisionConfigService] Discovery complete for PG1A: Unique=20
[GangService] divisionConfigService returned 14 gangs for P1A
[GangService] Returning 14 gangs.
[DataExtractor] allGangs.length=14, divisionCode=P1A, gangCode=ALL
--- REFLI VERSION 1.1.0 ---
[DataExtractor] Division: P1A, isVirtual: false, allGangs: 14
[DataExtractor] Final gangCondition: ((UPPER(RTRIM(g.LocCode)) IN ('PG1A','P1A')) OR UPPER(RTRIM(gl.GangCode)) IN ('A1H','A1M','A1P','A1T','A2H','A2M','A2N','A2P','A2T','A3H','A3M','A3P','A3T','F1BHL')) AND NOT ((gl.GangCode IN ('INF','INT','AMC','HMC','B2N') OR gl.GangCode LIKE 'IN%' OR gl.GangCode LIKE 'INT%' OR gl.GangCode LIKE 'AMC%' OR gl.GangCode LIKE 'HMC%' OR gl.GangCode LIKE 'B2N%' OR gl.GangCode LIKE 'M%') OR COALESCE(g.Description, '') LIKE '%INFRA%' OR COALESCE(g.Description, '') LIKE '%WORKSHOP%' OR COALESCE(g.Description, '') LIKE '%NURSERY%' OR COALESCE(g.Description, '') LIKE '%MEC%' OR COALESCE(g.Description, '') LIKE '%MECHANIC%' OR COALESCE(g.Description, '') LIKE '%PKS%' OR COALESCE(g.Description, '') LIKE '%MILL%' OR COALESCE(g.Description, '') LIKE '%TRAKSI%')
[DataExtractor.getEmployees] isHistorical=false, gangCondition=((UPPER(RTRIM(g.LocCode)) IN ('PG1A','P1A')) OR UPPER(RTRIM(gl.GangCode)) IN ('A1H','A1M','A1P','A1T','A2H','A2M','A2N','A2P','A2T','A3H','A3M','A3P','A3T','F1BHL')) AND NOT ((gl.GangCode IN ('INF','INT','AMC','HMC','B2N') OR gl.GangCode LIKE 'IN%' OR gl.GangCode LIKE 'INT%' OR gl.GangCode LIKE 'AMC%' OR gl.GangCode LIKE 'HMC%' OR gl.GangCode LIKE 'B2N%' OR gl.GangCode LIKE 'M%') OR COALESCE(g.Description, '') LIKE '%INFRA%' OR COALESCE(g.Description, '') LIKE '%WORKSHOP%' OR COALESCE(g.Description, '') LIKE '%NURSERY%' OR COALESCE(g.Description, '') LIKE '%MEC%' OR COALESCE(g.Description, '') LIKE '%MECHANIC%' OR COALESCE(g.Description, '') LIKE '%PKS%' OR COALESCE(g.Description, '') LIKE '%MILL%' OR COALESCE(g.Description, '') LIKE '%TRAKSI%')
[DivisionConfigService] Discovery complete for PG1B: Unique=18
[GangService] divisionConfigService returned 17 gangs for P1B
[GangService] Returning 17 gangs.
[DataExtractor] allGangs.length=17, divisionCode=P1B, gangCode=ALL
--- REFLI VERSION 1.1.0 ---
[DataExtractor] Division: P1B, isVirtual: false, allGangs: 17
[DataExtractor] Final gangCondition: ((UPPER(RTRIM(g.LocCode)) IN ('PG1B','P1B')) OR UPPER(RTRIM(gl.GangCode)) IN ('B1B','B1H','B1M','B1P','B1T','B2H','B2M','B2P','B2T','B3A','B3B','B3H','B3M','B3P','B3T','BIBITAN','PB3')) AND NOT ((gl.GangCode IN ('INF','INT','AMC','HMC','B2N') OR gl.GangCode LIKE 'IN%' OR gl.GangCode LIKE 'INT%' OR gl.GangCode LIKE 'AMC%' OR gl.GangCode LIKE 'HMC%' OR gl.GangCode LIKE 'B2N%' OR gl.GangCode LIKE 'M%') OR COALESCE(g.Description, '') LIKE '%INFRA%' OR COALESCE(g.Description, '') LIKE '%WORKSHOP%' OR COALESCE(g.Description, '') LIKE '%NURSERY%' OR COALESCE(g.Description, '') LIKE '%MEC%' OR COALESCE(g.Description, '') LIKE '%MECHANIC%' OR COALESCE(g.Description, '') LIKE '%PKS%' OR COALESCE(g.Description, '') LIKE '%MILL%' OR COALESCE(g.Description, '') LIKE '%TRAKSI%')
[DataExtractor.getEmployees] isHistorical=false, gangCondition=((UPPER(RTRIM(g.LocCode)) IN ('PG1B','P1B')) OR UPPER(RTRIM(gl.GangCode)) IN ('B1B','B1H','B1M','B1P','B1T','B2H','B2M','B2P','B2T','B3A','B3B','B3H','B3M','B3P','B3T','BIBITAN','PB3')) AND NOT ((gl.GangCode IN ('INF','INT','AMC','HMC','B2N') OR gl.GangCode LIKE 'IN%' OR gl.GangCode LIKE 'INT%' OR gl.GangCode LIKE 'AMC%' OR gl.GangCode LIKE 'HMC%' OR gl.GangCode LIKE 'B2N%' OR gl.GangCode LIKE 'M%') OR COALESCE(g.Description, '') LIKE '%INFRA%' OR COALESCE(g.Description, '') LIKE '%WORKSHOP%' OR COALESCE(g.Description, '') LIKE '%NURSERY%' OR COALESCE(g.Description, '') LIKE '%MEC%' OR COALESCE(g.Description, '') LIKE '%MECHANIC%' OR COALESCE(g.Description, '') LIKE '%PKS%' OR COALESCE(g.Description, '') LIKE '%MILL%' OR COALESCE(g.Description, '') LIKE '%TRAKSI%')
[DataExtractor] Live active query returned 188 rows
[DataExtractor] De-duplicated results to 188 unique employees
[DataExtractor] Live active query returned 179 rows
[DataExtractor] De-duplicated results to 179 unique employees
[EmployeeEstateService] Final maps: empcodeMap=178, nikMap=178
[EmployeeEstateService] Final maps: empcodeMap=178, nikMap=178
[EmployeeEstateService] Final maps: empcodeMap=179, nikMap=179
[EmployeeEstateService] Final maps: empcodeMap=179, nikMap=179
[PayrollRoutes] /report/division-raw-tree RESULT | data_rows=187 gangs=10 | gangPrefix=undefined
[PayrollRoutes] division-raw-tree: division=PG1A, month=6, year=2026, gangPrefix=none
[PayrollRoutes] division-raw-tree: data_rows count=187, gangs count=10
[PayrollRoutes] division-raw-tree: dynamic_premi=12, dynamic_pot=2
[PayrollRoutes] division-raw-tree: returning response with 10 gangs
[PtkpTaxService] Table history_ptkp_pajak assumed to exist (pre-created)
[PtkpTaxService] Table history_ptkp_pajak assumed to exist (pre-created)
[PayrollRoutes] /report/division-raw-tree RESULT | data_rows=187 gangs=10 | gangPrefix=undefined
[PayrollRoutes] division-raw-tree: division=P1A, month=6, year=2026, gangPrefix=none
[PayrollRoutes] division-raw-tree: data_rows count=187, gangs count=10
[PayrollRoutes] division-raw-tree: dynamic_premi=12, dynamic_pot=2
[PayrollRoutes] division-raw-tree: returning response with 10 gangs
[PayrollRoutes] /report/division-raw-tree RESULT | data_rows=179 gangs=6 | gangPrefix=undefined
[PayrollRoutes] division-raw-tree: division=P1B, month=6, year=2026, gangPrefix=none
[PayrollRoutes] division-raw-tree: data_rows count=179, gangs count=6
[PayrollRoutes] division-raw-tree: dynamic_premi=10, dynamic_pot=1
[PayrollRoutes] division-raw-tree: returning response with 6 gangs
[AuthService] Verifying token. Token starts with: dev-bypass...
[AuthService] Dev Bypass Token used. Granting ADMIN access.
[PayrollRoutes] /report/division-raw-tree | div=P2A month=6 year=2026 gangPrefix=none valuePriorityMode=non_db_ptrj DB_PROFILE=SERVER_PROFILE_2 useHistory=false RUN_MODE=prod
[GangService] fetchGangs triggered - Div: P2A, Search: undefined, Profile: SERVER_PROFILE_2, DB: db_ptrj
[DivisionConfigService] getGangsForDivision (Enhanced): P2A, resolved: PG2A, type: real
[AuthService] Verifying token. Token starts with: dev-bypass...
[AuthService] Dev Bypass Token used. Granting ADMIN access.
[PayrollRoutes] /report/division-raw-tree | div=P2B month=6 year=2026 gangPrefix=none valuePriorityMode=non_db_ptrj DB_PROFILE=SERVER_PROFILE_2 useHistory=false RUN_MODE=prod
[GangService] fetchGangs triggered - Div: P2B, Search: undefined, Profile: SERVER_PROFILE_2, DB: db_ptrj
[DivisionConfigService] getGangsForDivision (Enhanced): P2B, resolved: PG2B, type: real
[DivisionConfigService] Discovery complete for PG2A: Unique=15
[GangService] divisionConfigService returned 15 gangs for P2A
[GangService] Returning 15 gangs.
[DataExtractor] allGangs.length=15, divisionCode=P2A, gangCode=ALL
--- REFLI VERSION 1.1.0 ---
[DataExtractor] Division: P2A, isVirtual: false, allGangs: 15
[DataExtractor] Final gangCondition: ((UPPER(RTRIM(g.LocCode)) IN ('PG2A','P2A')) OR UPPER(RTRIM(gl.GangCode)) IN ('C1B','C1H','C1HP','C1M','C1P','C1T','C2B','C2H','C2M','C2P','C2T','C3H','C3M','C3P','C3T')) AND NOT ((gl.GangCode IN ('INF','INT','AMC','HMC','B2N') OR gl.GangCode LIKE 'IN%' OR gl.GangCode LIKE 'INT%' OR gl.GangCode LIKE 'AMC%' OR gl.GangCode LIKE 'HMC%' OR gl.GangCode LIKE 'B2N%' OR gl.GangCode LIKE 'M%') OR COALESCE(g.Description, '') LIKE '%INFRA%' OR COALESCE(g.Description, '') LIKE '%WORKSHOP%' OR COALESCE(g.Description, '') LIKE '%NURSERY%' OR COALESCE(g.Description, '') LIKE '%MEC%' OR COALESCE(g.Description, '') LIKE '%MECHANIC%' OR COALESCE(g.Description, '') LIKE '%PKS%' OR COALESCE(g.Description, '') LIKE '%MILL%' OR COALESCE(g.Description, '') LIKE '%TRAKSI%')
[DataExtractor.getEmployees] isHistorical=false, gangCondition=((UPPER(RTRIM(g.LocCode)) IN ('PG2A','P2A')) OR UPPER(RTRIM(gl.GangCode)) IN ('C1B','C1H','C1HP','C1M','C1P','C1T','C2B','C2H','C2M','C2P','C2T','C3H','C3M','C3P','C3T')) AND NOT ((gl.GangCode IN ('INF','INT','AMC','HMC','B2N') OR gl.GangCode LIKE 'IN%' OR gl.GangCode LIKE 'INT%' OR gl.GangCode LIKE 'AMC%' OR gl.GangCode LIKE 'HMC%' OR gl.GangCode LIKE 'B2N%' OR gl.GangCode LIKE 'M%') OR COALESCE(g.Description, '') LIKE '%INFRA%' OR COALESCE(g.Description, '') LIKE '%WORKSHOP%' OR COALESCE(g.Description, '') LIKE '%NURSERY%' OR COALESCE(g.Description, '') LIKE '%MEC%' OR COALESCE(g.Description, '') LIKE '%MECHANIC%' OR COALESCE(g.Description, '') LIKE '%PKS%' OR COALESCE(g.Description, '') LIKE '%MILL%' OR COALESCE(g.Description, '') LIKE '%TRAKSI%')
[DivisionConfigService] Discovery complete for PG2B: Unique=10
[GangService] divisionConfigService returned 10 gangs for P2B
[GangService] Returning 10 gangs.
[DataExtractor] allGangs.length=10, divisionCode=P2B, gangCode=ALL
--- REFLI VERSION 1.1.0 ---
[DataExtractor] Division: P2B, isVirtual: false, allGangs: 10
[DataExtractor] Final gangCondition: ((UPPER(RTRIM(g.LocCode)) IN ('PG2B','P2B')) OR UPPER(RTRIM(gl.GangCode)) IN ('D1H','D1M','D1P','D1T','D2B','D2H','D2M','D2P','D2T','K2H')) AND NOT ((gl.GangCode IN ('INF','INT','AMC','HMC','B2N') OR gl.GangCode LIKE 'IN%' OR gl.GangCode LIKE 'INT%' OR gl.GangCode LIKE 'AMC%' OR gl.GangCode LIKE 'HMC%' OR gl.GangCode LIKE 'B2N%' OR gl.GangCode LIKE 'M%') OR COALESCE(g.Description, '') LIKE '%INFRA%' OR COALESCE(g.Description, '') LIKE '%WORKSHOP%' OR COALESCE(g.Description, '') LIKE '%NURSERY%' OR COALESCE(g.Description, '') LIKE '%MEC%' OR COALESCE(g.Description, '') LIKE '%MECHANIC%' OR COALESCE(g.Description, '') LIKE '%PKS%' OR COALESCE(g.Description, '') LIKE '%MILL%' OR COALESCE(g.Description, '') LIKE '%TRAKSI%')
[DataExtractor.getEmployees] isHistorical=false, gangCondition=((UPPER(RTRIM(g.LocCode)) IN ('PG2B','P2B')) OR UPPER(RTRIM(gl.GangCode)) IN ('D1H','D1M','D1P','D1T','D2B','D2H','D2M','D2P','D2T','K2H')) AND NOT ((gl.GangCode IN ('INF','INT','AMC','HMC','B2N') OR gl.GangCode LIKE 'IN%' OR gl.GangCode LIKE 'INT%' OR gl.GangCode LIKE 'AMC%' OR gl.GangCode LIKE 'HMC%' OR gl.GangCode LIKE 'B2N%' OR gl.GangCode LIKE 'M%') OR COALESCE(g.Description, '') LIKE '%INFRA%' OR COALESCE(g.Description, '') LIKE '%WORKSHOP%' OR COALESCE(g.Description, '') LIKE '%NURSERY%' OR COALESCE(g.Description, '') LIKE '%MEC%' OR COALESCE(g.Description, '') LIKE '%MECHANIC%' OR COALESCE(g.Description, '') LIKE '%PKS%' OR COALESCE(g.Description, '') LIKE '%MILL%' OR COALESCE(g.Description, '') LIKE '%TRAKSI%')
[DataExtractor] Live active query returned 128 rows
[DataExtractor] De-duplicated results to 128 unique employees
[DataExtractor] Live active query returned 177 rows
[DataExtractor] De-duplicated results to 177 unique employees
[EmployeeEstateService] Final maps: empcodeMap=123, nikMap=123
[EmployeeEstateService] Final maps: empcodeMap=122, nikMap=122
[EmployeeEstateService] Final maps: empcodeMap=174, nikMap=174
[EmployeeEstateService] Final maps: empcodeMap=173, nikMap=173
[PtkpTaxService] Table history_ptkp_pajak assumed to exist (pre-created)
[PtkpTaxService] Table history_ptkp_pajak assumed to exist (pre-created)
[PayrollRoutes] /report/division-raw-tree RESULT | data_rows=125 gangs=9 | gangPrefix=undefined
[PayrollRoutes] division-raw-tree: division=P2B, month=6, year=2026, gangPrefix=none
[PayrollRoutes] division-raw-tree: data_rows count=125, gangs count=9
[PayrollRoutes] division-raw-tree: dynamic_premi=11, dynamic_pot=4
[PayrollRoutes] division-raw-tree: returning response with 9 gangs
[PayrollRoutes] /report/division-raw-tree RESULT | data_rows=176 gangs=12 | gangPrefix=undefined
[PayrollRoutes] division-raw-tree: division=P2A, month=6, year=2026, gangPrefix=none
[PayrollRoutes] division-raw-tree: data_rows count=176, gangs count=12
[PayrollRoutes] division-raw-tree: dynamic_premi=12, dynamic_pot=3
[PayrollRoutes] division-raw-tree: returning response with 12 gangs
[AuthService] Verifying token. Token starts with: dev-bypass...
[AuthService] Dev Bypass Token used. Granting ADMIN access.
[PayrollRoutes] /report/division-raw-tree | div=AB1 month=6 year=2026 gangPrefix=none valuePriorityMode=non_db_ptrj DB_PROFILE=SERVER_PROFILE_2 useHistory=false RUN_MODE=prod
[GangService] fetchGangs triggered - Div: AB1, Search: undefined, Profile: SERVER_PROFILE_2, DB: db_ptrj
[DivisionConfigService] getGangsForDivision (Enhanced): AB1, resolved: AB1, type: real
[AuthService] Verifying token. Token starts with: dev-bypass...
[AuthService] Dev Bypass Token used. Granting ADMIN access.
[PayrollRoutes] /report/division-raw-tree | div=AB2 month=6 year=2026 gangPrefix=none valuePriorityMode=non_db_ptrj DB_PROFILE=SERVER_PROFILE_2 useHistory=false RUN_MODE=prod
[GangService] fetchGangs triggered - Div: AB2, Search: undefined, Profile: SERVER_PROFILE_2, DB: db_ptrj
[DivisionConfigService] getGangsForDivision (Enhanced): AB2, resolved: AB2, type: real
[DivisionConfigService] Discovery complete for AB1: Unique=8
[GangService] divisionConfigService returned 8 gangs for AB1
[GangService] Returning 8 gangs.
[DataExtractor] allGangs.length=8, divisionCode=AB1, gangCode=ALL
--- REFLI VERSION 1.1.0 ---
[DataExtractor] Division: AB1, isVirtual: false, allGangs: 8
[DataExtractor] Final gangCondition: ((UPPER(RTRIM(g.LocCode)) IN ('AB1','ARB1')) OR UPPER(RTRIM(gl.GangCode)) IN ('G1H','G1M','G1P','G1T','G2H','G2M','G2P','G2T')) AND NOT ((gl.GangCode IN ('INF','INT','AMC','HMC','B2N') OR gl.GangCode LIKE 'IN%' OR gl.GangCode LIKE 'INT%' OR gl.GangCode LIKE 'AMC%' OR gl.GangCode LIKE 'HMC%' OR gl.GangCode LIKE 'B2N%' OR gl.GangCode LIKE 'M%') OR COALESCE(g.Description, '') LIKE '%INFRA%' OR COALESCE(g.Description, '') LIKE '%WORKSHOP%' OR COALESCE(g.Description, '') LIKE '%NURSERY%' OR COALESCE(g.Description, '') LIKE '%MEC%' OR COALESCE(g.Description, '') LIKE '%MECHANIC%' OR COALESCE(g.Description, '') LIKE '%PKS%' OR COALESCE(g.Description, '') LIKE '%MILL%' OR COALESCE(g.Description, '') LIKE '%TRAKSI%')
[DataExtractor.getEmployees] isHistorical=false, gangCondition=((UPPER(RTRIM(g.LocCode)) IN ('AB1','ARB1')) OR UPPER(RTRIM(gl.GangCode)) IN ('G1H','G1M','G1P','G1T','G2H','G2M','G2P','G2T')) AND NOT ((gl.GangCode IN ('INF','INT','AMC','HMC','B2N') OR gl.GangCode LIKE 'IN%' OR gl.GangCode LIKE 'INT%' OR gl.GangCode LIKE 'AMC%' OR gl.GangCode LIKE 'HMC%' OR gl.GangCode LIKE 'B2N%' OR gl.GangCode LIKE 'M%') OR COALESCE(g.Description, '') LIKE '%INFRA%' OR COALESCE(g.Description, '') LIKE '%WORKSHOP%' OR COALESCE(g.Description, '') LIKE '%NURSERY%' OR COALESCE(g.Description, '') LIKE '%MEC%' OR COALESCE(g.Description, '') LIKE '%MECHANIC%' OR COALESCE(g.Description, '') LIKE '%PKS%' OR COALESCE(g.Description, '') LIKE '%MILL%' OR COALESCE(g.Description, '') LIKE '%TRAKSI%')
[DivisionConfigService] Discovery complete for AB2: Unique=11
[GangService] divisionConfigService returned 10 gangs for AB2
[GangService] Returning 10 gangs.
[DataExtractor] allGangs.length=10, divisionCode=AB2, gangCode=ALL
--- REFLI VERSION 1.1.0 ---
[DataExtractor] Division: AB2, isVirtual: false, allGangs: 10
[DataExtractor] Final gangCondition: ((UPPER(RTRIM(g.LocCode)) IN ('AB2')) OR UPPER(RTRIM(gl.GangCode)) IN ('H1H','H1HL','H1L','H1M','H1P','H1T','H2H','H2L','H2M','H2T')) AND NOT ((gl.GangCode IN ('INF','INT','AMC','HMC','B2N') OR gl.GangCode LIKE 'IN%' OR gl.GangCode LIKE 'INT%' OR gl.GangCode LIKE 'AMC%' OR gl.GangCode LIKE 'HMC%' OR gl.GangCode LIKE 'B2N%' OR gl.GangCode LIKE 'M%') OR COALESCE(g.Description, '') LIKE '%INFRA%' OR COALESCE(g.Description, '') LIKE '%WORKSHOP%' OR COALESCE(g.Description, '') LIKE '%NURSERY%' OR COALESCE(g.Description, '') LIKE '%MEC%' OR COALESCE(g.Description, '') LIKE '%MECHANIC%' OR COALESCE(g.Description, '') LIKE '%PKS%' OR COALESCE(g.Description, '') LIKE '%MILL%' OR COALESCE(g.Description, '') LIKE '%TRAKSI%')
[DataExtractor.getEmployees] isHistorical=false, gangCondition=((UPPER(RTRIM(g.LocCode)) IN ('AB2')) OR UPPER(RTRIM(gl.GangCode)) IN ('H1H','H1HL','H1L','H1M','H1P','H1T','H2H','H2L','H2M','H2T')) AND NOT ((gl.GangCode IN ('INF','INT','AMC','HMC','B2N') OR gl.GangCode LIKE 'IN%' OR gl.GangCode LIKE 'INT%' OR gl.GangCode LIKE 'AMC%' OR gl.GangCode LIKE 'HMC%' OR gl.GangCode LIKE 'B2N%' OR gl.GangCode LIKE 'M%') OR COALESCE(g.Description, '') LIKE '%INFRA%' OR COALESCE(g.Description, '') LIKE '%WORKSHOP%' OR COALESCE(g.Description, '') LIKE '%NURSERY%' OR COALESCE(g.Description, '') LIKE '%MEC%' OR COALESCE(g.Description, '') LIKE '%MECHANIC%' OR COALESCE(g.Description, '') LIKE '%PKS%' OR COALESCE(g.Description, '') LIKE '%MILL%' OR COALESCE(g.Description, '') LIKE '%TRAKSI%')
[DataExtractor] Live active query returned 138 rows
[DataExtractor] De-duplicated results to 138 unique employees
[DataExtractor] Live active query returned 120 rows
[DataExtractor] De-duplicated results to 120 unique employees
[EmployeeEstateService] Final maps: empcodeMap=110, nikMap=110
[EmployeeEstateService] Final maps: empcodeMap=110, nikMap=110
[EmployeeEstateService] Final maps: empcodeMap=138, nikMap=138
[EmployeeEstateService] Final maps: empcodeMap=136, nikMap=136
[PtkpTaxService] Table history_ptkp_pajak assumed to exist (pre-created)
[PtkpTaxService] Table history_ptkp_pajak assumed to exist (pre-created)
[PayrollRoutes] /report/division-raw-tree RESULT | data_rows=120 gangs=8 | gangPrefix=undefined
[PayrollRoutes] division-raw-tree: division=AB2, month=6, year=2026, gangPrefix=none
[PayrollRoutes] division-raw-tree: data_rows count=120, gangs count=8
[PayrollRoutes] division-raw-tree: dynamic_premi=10, dynamic_pot=3
[PayrollRoutes] division-raw-tree: returning response with 8 gangs
[PayrollRoutes] /report/division-raw-tree RESULT | data_rows=136 gangs=8 | gangPrefix=undefined
[PayrollRoutes] division-raw-tree: division=AB1, month=6, year=2026, gangPrefix=none
[PayrollRoutes] division-raw-tree: data_rows count=136, gangs count=8
[PayrollRoutes] division-raw-tree: dynamic_premi=11, dynamic_pot=4
[PayrollRoutes] division-raw-tree: returning response with 8 gangs
[AuthService] Verifying token. Token starts with: dev-bypass...
[AuthService] Dev Bypass Token used. Granting ADMIN access.
[PayrollRoutes] /report/division-raw-tree | div=INF month=6 year=2026 gangPrefix=none valuePriorityMode=non_db_ptrj DB_PROFILE=SERVER_PROFILE_2 useHistory=false RUN_MODE=prod
[GangService] fetchGangs triggered - Div: INF, Search: undefined, Profile: SERVER_PROFILE_2, DB: db_ptrj
[DivisionConfigService] getGangsForDivision (Enhanced): INF, resolved: INF, type: virtual
[AuthService] Verifying token. Token starts with: dev-bypass...
[AuthService] Dev Bypass Token used. Granting ADMIN access.
[PayrollRoutes] /report/division-raw-tree | div=NRS month=6 year=2026 gangPrefix=none valuePriorityMode=non_db_ptrj DB_PROFILE=SERVER_PROFILE_2 useHistory=false RUN_MODE=prod
[GangService] fetchGangs triggered - Div: NRS, Search: undefined, Profile: SERVER_PROFILE_2, DB: db_ptrj
[DivisionConfigService] getGangsForDivision (Enhanced): NRS, resolved: NRS, type: virtual
[DivisionConfigService] Discovery complete for INF: Unique=19
[GangService] divisionConfigService returned 4 gangs for INF
[GangService] Returning 4 gangs.
[DataExtractor] allGangs.length=4, divisionCode=INF, gangCode=ALL
[DivisionConfigService] Discovery complete for NRS: Unique=18
[GangService] divisionConfigService returned 1 gangs for NRS
[GangService] Returning 1 gangs.
[DataExtractor] allGangs.length=1, divisionCode=NRS, gangCode=ALL
--- REFLI VERSION 1.1.0 ---
[DataExtractor] Division: INF, isVirtual: true, allGangs: 4
[DataExtractor] Final gangCondition: (UPPER(RTRIM(gl.GangCode)) IN ('INF', 'INT') OR UPPER(RTRIM(g.GangCode)) IN ('INF', 'INT'))
[DataExtractor.getEmployees] isHistorical=false, gangCondition=(UPPER(RTRIM(gl.GangCode)) IN ('INF', 'INT') OR UPPER(RTRIM(g.GangCode)) IN ('INF', 'INT'))
--- REFLI VERSION 1.1.0 ---
[DataExtractor] Division: NRS, isVirtual: true, allGangs: 1
[DataExtractor] Final gangCondition: (UPPER(RTRIM(gl.GangCode)) IN ('B2N') OR UPPER(RTRIM(g.GangCode)) IN ('B2N') OR UPPER(RTRIM(g.Description)) IN ('NURSERY'))
[DataExtractor.getEmployees] isHistorical=false, gangCondition=(UPPER(RTRIM(gl.GangCode)) IN ('B2N') OR UPPER(RTRIM(g.GangCode)) IN ('B2N') OR UPPER(RTRIM(g.Description)) IN ('NURSERY'))
[DataExtractor] Live active query returned 27 rows
[DataExtractor] De-duplicated results to 27 unique employees
[DataExtractor] Live active query returned 21 rows
[DataExtractor] De-duplicated results to 21 unique employees
[EmployeeEstateService] Final maps: empcodeMap=21, nikMap=21
[EmployeeEstateService] Final maps: empcodeMap=21, nikMap=21
[EmployeeEstateService] Final maps: empcodeMap=27, nikMap=27
[EmployeeEstateService] Final maps: empcodeMap=27, nikMap=27
[PtkpTaxService] Table history_ptkp_pajak assumed to exist (pre-created)
[PtkpTaxService] Table history_ptkp_pajak assumed to exist (pre-created)
[PayrollRoutes] /report/division-raw-tree RESULT | data_rows=21 gangs=1 | gangPrefix=undefined
[PayrollRoutes] division-raw-tree: division=NRS, month=6, year=2026, gangPrefix=none
[PayrollRoutes] division-raw-tree: data_rows count=21, gangs count=1
[PayrollRoutes] division-raw-tree: dynamic_premi=0, dynamic_pot=0
[PayrollRoutes] division-raw-tree: returning response with 1 gangs
[THR DEBUG A0778] empNik="1902052707850001", empCode="A0778", nikNameKey="1902052707850001||SURATMAN", empName="SURATMAN"
[THR DEBUG A0778] map.size=571
[THR DEBUG A0778] Level1(NIK)="1902052707850001" → NOT FOUND
[THR DEBUG A0778] Level2(NIK+NAME)="1902052707850001||SURATMAN" → NOT FOUND
[THR DEBUG A0778] Level3(EC)="A0778" → NOT FOUND
[THR DEBUG A0778] Level4(NAME)="SURATMAN" → NOT FOUND
[THR DEBUG A0778] Keys containing target NIK substring: []
[THR DEBUG A0778] First 10 map keys: ["1902011904840004","J0049","1906030107950018","J0051","1906030104910001","J0053","1906030305780003","J0056","1906022901980003","J0058","5203191207760003","J0060","5203013112740153","J0144","1906031707900004","J0146","1214011206940001","J0150","1906011911770007","J0151"]
[THR DEBUG A0778] FINAL RESULT: empOtherIncomes=0 entries
[THR DEBUG A0778] FINAL: getOiByType('THR')=0, taxable=0
[PayrollRoutes] /report/division-raw-tree RESULT | data_rows=27 gangs=2 | gangPrefix=undefined
[PayrollRoutes] division-raw-tree: division=INF, month=6, year=2026, gangPrefix=none
[PayrollRoutes] division-raw-tree: data_rows count=27, gangs count=2
[PayrollRoutes] division-raw-tree: dynamic_premi=3, dynamic_pot=0
[PayrollRoutes] division-raw-tree: returning response with 2 gangs
[AuthService] Verifying token. Token starts with: dev-bypass...
[AuthService] Dev Bypass Token used. Granting ADMIN access.
[PayrollRoutes] /report/division-raw-tree | div=WKS_AR month=6 year=2026 gangPrefix=none valuePriorityMode=non_db_ptrj DB_PROFILE=SERVER_PROFILE_2 useHistory=false RUN_MODE=prod
[GangService] fetchGangs triggered - Div: WKS_AR, Search: undefined, Profile: SERVER_PROFILE_2, DB: db_ptrj
[DivisionConfigService] getGangsForDivision (Enhanced): WKS_AR, resolved: WKS_AR, type: virtual
[AuthService] Verifying token. Token starts with: dev-bypass...
[AuthService] Dev Bypass Token used. Granting ADMIN access.
[PayrollRoutes] /report/division-raw-tree | div=WKS_PG month=6 year=2026 gangPrefix=none valuePriorityMode=non_db_ptrj DB_PROFILE=SERVER_PROFILE_2 useHistory=false RUN_MODE=prod
[GangService] fetchGangs triggered - Div: WKS_PG, Search: undefined, Profile: SERVER_PROFILE_2, DB: db_ptrj
[DivisionConfigService] getGangsForDivision (Enhanced): WKS_PG, resolved: WKS_PG, type: virtual
[DivisionConfigService] Discovery complete for WKS_PG: Unique=19
[GangService] divisionConfigService returned 1 gangs for WKS_PG
[GangService] Returning 1 gangs.
[DataExtractor] allGangs.length=1, divisionCode=WKS_PG, gangCode=ALL
--- REFLI VERSION 1.1.0 ---
[DataExtractor] Division: WKS_PG, isVirtual: true, allGangs: 1
[DataExtractor] Final gangCondition: (UPPER(RTRIM(gl.GangCode)) IN ('AMC') OR UPPER(RTRIM(g.GangCode)) IN ('AMC') OR UPPER(RTRIM(g.Description)) IN ('WORKSHOP PARIT GUNUNG'))
[DataExtractor.getEmployees] isHistorical=false, gangCondition=(UPPER(RTRIM(gl.GangCode)) IN ('AMC') OR UPPER(RTRIM(g.GangCode)) IN ('AMC') OR UPPER(RTRIM(g.Description)) IN ('WORKSHOP PARIT GUNUNG'))
[DivisionConfigService] Discovery complete for WKS_AR: Unique=11
[GangService] divisionConfigService returned 1 gangs for WKS_AR
[GangService] Returning 1 gangs.
[DataExtractor] allGangs.length=1, divisionCode=WKS_AR, gangCode=ALL
--- REFLI VERSION 1.1.0 ---
[DataExtractor] Division: WKS_AR, isVirtual: true, allGangs: 1
[DataExtractor] Final gangCondition: (UPPER(RTRIM(gl.GangCode)) IN ('HMC') OR UPPER(RTRIM(g.GangCode)) IN ('HMC') OR UPPER(RTRIM(g.Description)) IN ('WORKSHOP AIR RUAK'))
[DataExtractor.getEmployees] isHistorical=false, gangCondition=(UPPER(RTRIM(gl.GangCode)) IN ('HMC') OR UPPER(RTRIM(g.GangCode)) IN ('HMC') OR UPPER(RTRIM(g.Description)) IN ('WORKSHOP AIR RUAK'))
[DataExtractor] Live active query returned 5 rows
[DataExtractor] De-duplicated results to 5 unique employees
[DataExtractor] Live active query returned 17 rows
[DataExtractor] De-duplicated results to 17 unique employees
[EmployeeEstateService] Final maps: empcodeMap=5, nikMap=5
[EmployeeEstateService] Final maps: empcodeMap=5, nikMap=5
[EmployeeEstateService] Final maps: empcodeMap=16, nikMap=16
[EmployeeEstateService] Final maps: empcodeMap=15, nikMap=15
[PtkpTaxService] Table history_ptkp_pajak assumed to exist (pre-created)
[PtkpTaxService] Table history_ptkp_pajak assumed to exist (pre-created)
[PayrollRoutes] /report/division-raw-tree RESULT | data_rows=5 gangs=1 | gangPrefix=undefined
[PayrollRoutes] division-raw-tree: division=WKS_AR, month=6, year=2026, gangPrefix=none
[PayrollRoutes] division-raw-tree: data_rows count=5, gangs count=1
[PayrollRoutes] division-raw-tree: dynamic_premi=1, dynamic_pot=0
[PayrollRoutes] division-raw-tree: returning response with 1 gangs
[PayrollRoutes] /report/division-raw-tree RESULT | data_rows=15 gangs=1 | gangPrefix=undefined
[PayrollRoutes] division-raw-tree: division=WKS_PG, month=6, year=2026, gangPrefix=none
[PayrollRoutes] division-raw-tree: data_rows count=15, gangs count=1
[PayrollRoutes] division-raw-tree: dynamic_premi=0, dynamic_pot=0
[PayrollRoutes] division-raw-tree: returning response with 1 gangs
[AuthService] Verifying token. Token starts with: dev-bypass...
[AuthService] Dev Bypass Token used. Granting ADMIN access.
[PayrollRoutes] /report/division-raw-tree | div=WORKSHOP month=6 year=2026 gangPrefix=none valuePriorityMode=non_db_ptrj DB_PROFILE=SERVER_PROFILE_2 useHistory=false RUN_MODE=prod
[GangService] fetchGangs triggered - Div: WORKSHOP, Search: undefined, Profile: SERVER_PROFILE_2, DB: db_ptrj
[DivisionConfigService] getGangsForDivision (Enhanced): WORKSHOP, resolved: WORKSHOP, type: virtual
[AuthService] Verifying token. Token starts with: dev-bypass...
[AuthService] Dev Bypass Token used. Granting ADMIN access.
[PayrollRoutes] /report/division-raw-tree | div=MILL month=6 year=2026 gangPrefix=none valuePriorityMode=non_db_ptrj DB_PROFILE=SERVER_PROFILE_2 useHistory=false RUN_MODE=prod
[GangService] fetchGangs triggered - Div: MILL, Search: undefined, Profile: SERVER_PROFILE_2, DB: db_ptrj
[DivisionConfigService] getGangsForDivision (Enhanced): MILL, resolved: MILL, type: virtual
[DivisionConfigService] Discovery complete for WORKSHOP: Unique=138
[GangService] divisionConfigService returned 2 gangs for WORKSHOP
[GangService] Returning 2 gangs.
[DataExtractor] allGangs.length=2, divisionCode=WORKSHOP, gangCode=ALL
--- REFLI VERSION 1.1.0 ---
[DataExtractor] Division: WORKSHOP, isVirtual: true, allGangs: 2
[DataExtractor] Final gangCondition: (UPPER(RTRIM(gl.GangCode)) IN ('AMC','HMC') OR UPPER(RTRIM(g.GangCode)) IN ('AMC','HMC') OR UPPER(RTRIM(g.Description)) IN ('WORKSHOP PARIT GUNUNG','WORKSHOP AIR RUAK'))
[DataExtractor.getEmployees] isHistorical=false, gangCondition=(UPPER(RTRIM(gl.GangCode)) IN ('AMC','HMC') OR UPPER(RTRIM(g.GangCode)) IN ('AMC','HMC') OR UPPER(RTRIM(g.Description)) IN ('WORKSHOP PARIT GUNUNG','WORKSHOP AIR RUAK'))
[DivisionConfigService] Discovery complete for MILL: Unique=138
[GangService] divisionConfigService returned 0 gangs for MILL
[GangService] Returning 0 gangs.
[DataExtractor] allGangs.length=0, divisionCode=MILL, gangCode=ALL
--- REFLI VERSION 1.1.0 ---
[DataExtractor] Division: MILL, isVirtual: true, allGangs: 0
[DataExtractor] Final gangCondition: 1=0
[DataExtractor.getEmployees] isHistorical=false, gangCondition=1=0
[DataExtractor] Live active query returned 0 rows
[DataExtractor] Live query returned 0 rows. Attempting ARC fallback for 6/2026...
[DataExtractor] Strict ARC Fallback: no data found for 6/2026. Attempting relaxed fallback...
[DataExtractor] Relaxed ARC Fallback retrieved 0 rows
[DataExtractor] De-duplicated results to 0 unique employees
[DataExtractor] No employees found! gangCondition=1=0, gangCode=ALL, divisionCode=MILL, isHistorical=false
[PayrollRoutes] /report/division-raw-tree RESULT | data_rows=0 gangs=0 | gangPrefix=undefined
[PayrollRoutes] division-raw-tree: division=MILL, month=6, year=2026, gangPrefix=none
[PayrollRoutes] division-raw-tree: data_rows count=0, gangs count=0
[PayrollRoutes] division-raw-tree: dynamic_premi=0, dynamic_pot=0
[PayrollRoutes] division-raw-tree: returning response with 0 gangs
[DataExtractor] Live active query returned 22 rows
[DataExtractor] De-duplicated results to 22 unique employees
[EmployeeEstateService] Final maps: empcodeMap=21, nikMap=21
[EmployeeEstateService] Final maps: empcodeMap=20, nikMap=20
[PtkpTaxService] Table history_ptkp_pajak assumed to exist (pre-created)
[PayrollRoutes] /report/division-raw-tree RESULT | data_rows=20 gangs=2 | gangPrefix=undefined
[PayrollRoutes] division-raw-tree: division=WORKSHOP, month=6, year=2026, gangPrefix=none
[PayrollRoutes] division-raw-tree: data_rows count=20, gangs count=2
[PayrollRoutes] division-raw-tree: dynamic_premi=0, dynamic_pot=0
[PayrollRoutes] division-raw-tree: returning response with 2 gangs
[AuthService] Verifying token. Token starts with: dev-bypass...
[AuthService] Dev Bypass Token used. Granting ADMIN access.
[PayrollRoutes] /report/division-raw-tree | div=PG1A month=6 year=2026 gangPrefix=none valuePriorityMode=non_db_ptrj DB_PROFILE=SERVER_PROFILE_2 useHistory=false RUN_MODE=prod
[GangService] fetchGangs triggered - Div: PG1A, Search: undefined, Profile: SERVER_PROFILE_2, DB: db_ptrj
[DivisionConfigService] getGangsForDivision (Enhanced): PG1A, resolved: PG1A, type: real
[DivisionConfigService] Discovery complete for PG1A: Unique=20
[GangService] divisionConfigService returned 14 gangs for PG1A
[GangService] Returning 14 gangs.
[DataExtractor] allGangs.length=14, divisionCode=PG1A, gangCode=ALL
--- REFLI VERSION 1.1.0 ---
[DataExtractor] Division: PG1A, isVirtual: false, allGangs: 14
[DataExtractor] Final gangCondition: ((UPPER(RTRIM(g.LocCode)) IN ('PG1A','P1A')) OR UPPER(RTRIM(gl.GangCode)) IN ('A1H','A1M','A1P','A1T','A2H','A2M','A2N','A2P','A2T','A3H','A3M','A3P','A3T','F1BHL')) AND NOT ((gl.GangCode IN ('INF','INT','AMC','HMC','B2N') OR gl.GangCode LIKE 'IN%' OR gl.GangCode LIKE 'INT%' OR gl.GangCode LIKE 'AMC%' OR gl.GangCode LIKE 'HMC%' OR gl.GangCode LIKE 'B2N%' OR gl.GangCode LIKE 'M%') OR COALESCE(g.Description, '') LIKE '%INFRA%' OR COALESCE(g.Description, '') LIKE '%WORKSHOP%' OR COALESCE(g.Description, '') LIKE '%NURSERY%' OR COALESCE(g.Description, '') LIKE '%MEC%' OR COALESCE(g.Description, '') LIKE '%MECHANIC%' OR COALESCE(g.Description, '') LIKE '%PKS%' OR COALESCE(g.Description, '') LIKE '%MILL%' OR COALESCE(g.Description, '') LIKE '%TRAKSI%')
[DataExtractor.getEmployees] isHistorical=false, gangCondition=((UPPER(RTRIM(g.LocCode)) IN ('PG1A','P1A')) OR UPPER(RTRIM(gl.GangCode)) IN ('A1H','A1M','A1P','A1T','A2H','A2M','A2N','A2P','A2T','A3H','A3M','A3P','A3T','F1BHL')) AND NOT ((gl.GangCode IN ('INF','INT','AMC','HMC','B2N') OR gl.GangCode LIKE 'IN%' OR gl.GangCode LIKE 'INT%' OR gl.GangCode LIKE 'AMC%' OR gl.GangCode LIKE 'HMC%' OR gl.GangCode LIKE 'B2N%' OR gl.GangCode LIKE 'M%') OR COALESCE(g.Description, '') LIKE '%INFRA%' OR COALESCE(g.Description, '') LIKE '%WORKSHOP%' OR COALESCE(g.Description, '') LIKE '%NURSERY%' OR COALESCE(g.Description, '') LIKE '%MEC%' OR COALESCE(g.Description, '') LIKE '%MECHANIC%' OR COALESCE(g.Description, '') LIKE '%PKS%' OR COALESCE(g.Description, '') LIKE '%MILL%' OR COALESCE(g.Description, '') LIKE '%TRAKSI%')
[DataExtractor] Live active query returned 188 rows
[DataExtractor] De-duplicated results to 188 unique employees
[EmployeeEstateService] Final maps: empcodeMap=178, nikMap=178
[EmployeeEstateService] Final maps: empcodeMap=178, nikMap=178
[PtkpTaxService] Table history_ptkp_pajak assumed to exist (pre-created)
[PayrollRoutes] /report/division-raw-tree RESULT | data_rows=187 gangs=10 | gangPrefix=undefined
[PayrollRoutes] division-raw-tree: division=PG1A, month=6, year=2026, gangPrefix=none
[PayrollRoutes] division-raw-tree: data_rows count=187, gangs count=10
[PayrollRoutes] division-raw-tree: dynamic_premi=12, dynamic_pot=2
[PayrollRoutes] division-raw-tree: returning response with 10 gangs
[AuthService] Verifying token. Token starts with: eyJhbGciOi...
[AuthService] External token verified.
[AuthService] Creating transient user from external token. ID: 1, Role: kerani
[AuthService] Transient Divisions extracted: ["PG1A"]
[Stream] Starting progressive | div=PG1A month=6 year=2026 gangCode=ALL valuePriorityMode=non_db_ptrj useHistory=false
[GangService] fetchGangs triggered - Div: PG1A, Search: undefined, Profile: SERVER_PROFILE_2, DB: db_ptrj
[DivisionConfigService] getGangsForDivision (Enhanced): PG1A, resolved: PG1A, type: real
[DivisionConfigService] Discovery complete for PG1A: Unique=20
[GangService] divisionConfigService returned 14 gangs for PG1A
[GangService] Returning 14 gangs.
--- REFLI VERSION 1.1.0 (Progressive) ---
[DataExtractor.Progressive] Division: PG1A, isVirtual: false, allGangs: 14
[DataExtractor.getEmployees] isHistorical=false, gangCondition=((UPPER(RTRIM(g.LocCode)) IN ('PG1A','P1A')) OR UPPER(RTRIM(gl.GangCode)) IN ('A1H','A1M','A1P','A1T','A2H','A2M','A2N','A2P','A2T','A3H','A3M','A3P','A3T','F1BHL')) AND NOT ((gl.GangCode IN ('INF','INT','AMC','HMC','B2N') OR gl.GangCode LIKE 'IN%' OR gl.GangCode LIKE 'INT%' OR gl.GangCode LIKE 'AMC%' OR gl.GangCode LIKE 'HMC%' OR gl.GangCode LIKE 'B2N%' OR gl.GangCode LIKE 'M%') OR COALESCE(g.Description, '') LIKE '%INFRA%' OR COALESCE(g.Description, '') LIKE '%WORKSHOP%' OR COALESCE(g.Description, '') LIKE '%NURSERY%' OR COALESCE(g.Description, '') LIKE '%MEC%' OR COALESCE(g.Description, '') LIKE '%MECHANIC%' OR COALESCE(g.Description, '') LIKE '%PKS%' OR COALESCE(g.Description, '') LIKE '%MILL%' OR COALESCE(g.Description, '') LIKE '%TRAKSI%')
[DataExtractor] Live active query returned 188 rows
[DataExtractor] De-duplicated results to 188 unique employees
[EmployeeEstateService] Final maps: empcodeMap=178, nikMap=178
[Stream] Phase identity: Loaded 58 employees. Fetching attendance...
[EmployeeEstateService] Final maps: empcodeMap=178, nikMap=178
[Stream] Phase attendance: Attendance loaded. Processing overtime...
[Stream] Phase overtime: Overtime loaded. Processing premiums...
[Stream] Phase premium: Premiums loaded. Calculating final values...
[PtkpTaxService] Table history_ptkp_pajak assumed to exist (pre-created)
[Phase 4b] A0815: Found 1 incomes, total=150000
[Stream] Phase complete: ✅ Complete! 57 employees in 5.8s
[Stream] ✅ Complete: ✅ Complete! 57 employees in 5.8s
[AuthService] Verifying token. Token starts with: eyJhbGciOi...
[AuthService] Verifying token. Token starts with: eyJhbGciOi...
[AuthService] Verifying token. Token starts with: eyJhbGciOi...
[AuthService] Verifying token. Token starts with: eyJhbGciOi...
[AuthService] External token verified.
[AuthService] Creating transient user from external token. ID: 3, Role: kerani
[AuthService] Transient Divisions extracted: ["PG2A"]
[AuthService] External token verified.
[AuthService] Creating transient user from external token. ID: 3, Role: kerani
[AuthService] Transient Divisions extracted: ["PG2A"]
[AuthService] External token verified.
[AuthService] Creating transient user from external token. ID: 3, Role: kerani
[AuthService] Transient Divisions extracted: ["PG2A"]
[AuthService] External token verified.
[AuthService] Creating transient user from external token. ID: 3, Role: kerani
[AuthService] Transient Divisions extracted: ["PG2A"]
[GangService] fetchGangs triggered - Div: PG2A, Search: undefined, Profile: SERVER_PROFILE_2, DB: db_ptrj
[DivisionConfigService] getGangsForDivision (Enhanced): PG2A, resolved: PG2A, type: real
[DivisionConfigService] Discovery complete for PG2A: Unique=15
[GangService] divisionConfigService returned 15 gangs for PG2A
[GangService] Returning 15 gangs.
[AuthService] Verifying token. Token starts with: eyJhbGciOi...
[AuthService] External token verified.
[AuthService] Creating transient user from external token. ID: 3, Role: kerani
[AuthService] Transient Divisions extracted: ["PG2A"]
[Stream] Starting progressive | div=PG2A month=6 year=2026 gangCode=C1B valuePriorityMode=non_db_ptrj useHistory=false
[GangService] fetchGangs triggered - Div: PG2A, Search: undefined, Profile: SERVER_PROFILE_2, DB: db_ptrj
[DivisionConfigService] getGangsForDivision (Enhanced): PG2A, resolved: PG2A, type: real
[DivisionConfigService] Discovery complete for PG2A: Unique=15
[GangService] divisionConfigService returned 15 gangs for PG2A
[GangService] Returning 15 gangs.
[DataExtractor.getEmployees] isHistorical=false, gangCondition=(UPPER(RTRIM(gl.GangCode)) = 'C1B' OR UPPER(RTRIM(g.GangCode)) = 'C1B' OR UPPER(RTRIM(g.Description)) = 'C1B')
[DataExtractor] Live active query returned 4 rows
[DataExtractor] De-duplicated results to 4 unique employees
[EmployeeEstateService] Final maps: empcodeMap=3, nikMap=3
[Stream] Phase identity: Loaded 4 employees. Fetching attendance...
[EmployeeEstateService] Final maps: empcodeMap=173, nikMap=173
[Stream] Phase attendance: Attendance loaded. Processing overtime...
[Stream] Phase overtime: Overtime loaded. Processing premiums...
[Stream] Phase premium: Premiums loaded. Calculating final values...
[PtkpTaxService] Table history_ptkp_pajak assumed to exist (pre-created)
[Phase 4b] C0764: Found 1 incomes, total=1083950
[Phase 4b] C0766: Found 1 incomes, total=943325
[Phase 4b] C0772: Found 1 incomes, total=921300
[Stream] Phase complete: ✅ Complete! 4 employees in 1.9s
[Stream] ✅ Complete: ✅ Complete! 4 employees in 1.9s
